country,unit,date,events,carefacilities,retailgastro,publicplaces,mobilityint,daycare,schools,universities,publicoffices,publictransport,stayathome,casemanagement,recommendations
CH,AG,2020-01-29,0,0,0,0,0,0,0,0,0,0,0,0,0
CH,AG,2020-01-30,0,0,0,0,0,0,0,0,0,0,0,0,0
CH,AG,2020-01-31,0,0,0,0,0,0,0,0,0,0,0,0,0
CH,AG,2020-02-01,0,0,0,0,0,0,0,0,0,0,0,0,0
CH,AG,2020-02-02,0,0,0,0,0,0,0,0,0,0,0,0,0
CH,AG,2020-02-03,0,0,0,0,0,0,0,0,0,0,0,0,0
CH,AG,2020-02-04,0,0,0,0,0,0,0,0,0,0,0,0,0
CH,AG,2020-02-05,0,0,0,0,0,0,0,0,0,0,0,0,0
CH,AG,2020-02-06,0,0,0,0,0,0,0,0,0,0,0,0,0
CH,AG,2020-02-07,0,0,0,0,0,0,0,0,0,0,0,0,0
CH,AG,2020-02-08,0,0,0,0,0,0,0,0,0,0,0,0,0
CH,AG,2020-02-09,0,0,0,0,0,0,0,0,0,0,0,0,0
CH,AG,2020-02-10,0,0,0,0,0,0,0,0,0,0,0,0,0
CH,AG,2020-02-11,0,0,0,0,0,0,0,0,0,0,0,0,0
CH,AG,2020-02-12,0,0,0,0,0,0,0,0,0,0,0,0,0
CH,AG,2020-02-13,0,0,0,0,0,0,0,0,0,0,0,0,0
CH,AG,2020-02-14,0,0,0,0,0,0,0,0,0,0,0,0,0
CH,AG,2020-02-15,0,0,0,0,0,0,0,0,0,0,0,0,0
CH,AG,2020-02-16,0,0,0,0,0,0,0,0,0,0,0,0,0
CH,AG,2020-02-17,0,0,0,0,0,0,0,0,0,0,0,0,0
CH,AG,2020-02-18,0,0,0,0,0,0,0,0,0,0,0,0,0
CH,AG,2020-02-19,0,0,0,0,0,0,0,0,0,0,0,0,0
CH,AG,2020-02-20,0,0,0,0,0,0,0,0,0,0,0,0,0
CH,AG,2020-02-21,0,0,0,0,0,0,0,0,0,0,0,0,0
CH,AG,2020-02-22,0,0,0,0,0,0,0,0,0,0,0,0,0
CH,AG,2020-02-23,0,0,0,0,0,0,0,0,0,0,0,0,0
CH,AG,2020-02-24,0,0,0,0,0,0,0,0,0,0,0,0,0
CH,AG,2020-02-25,0,0,0,0,0,0,0,0,0,0,0,0,0
CH,AG,2020-02-26,0,0,0,0,0,0,0,0,0,0,0,0,0
CH,AG,2020-02-27,0,0,0,0,0,0,0,0,0,0,0,1,1
CH,AG,2020-02-28,1,0,0,0,0,0,0,0,0,0,0,1,1
CH,AG,2020-02-29,1,0,0,0,0,0,0,0,0,0,0,1,1
CH,AG,2020-03-01,1,0,0,0,0,0,0,0,0,0,0,1,1
CH,AG,2020-03-02,1,0,0,0,0,0,0,0,0,0,0,1,1
CH,AG,2020-03-03,1,0,0,0,0,0,0,0,0,0,0,1,1
CH,AG,2020-03-04,1,0,0,0,0,0,0,0,0,0,0,1,1
CH,AG,2020-03-05,1,0,0,0,0,0,0,0,0,0,0,1,1
CH,AG,2020-03-06,1,0,0,0,0,0,0,0,0,0,0,1,1
CH,AG,2020-03-07,1,0,0,0,0,0,0,0,0,0,0,1,1
CH,AG,2020-03-08,1,0,0,0,0,0,0,0,0,0,0,1,1
CH,AG,2020-03-09,1,0,0,0,0,0,0,0,0,0,0,1,1
CH,AG,2020-03-10,1,0,0,0,0,0,0,0,0,0,0,1,1
CH,AG,2020-03-11,1,0,0,0,0,0,0,0,0,0,0,1,1
CH,AG,2020-03-12,1,0,0,0,0,0,0,0,0,0,0,1,1
CH,AG,2020-03-13,3,1,1,0,1,0,0,0,0,0,0,1,1
CH,AG,2020-03-14,3,1,1,0,1,0,0,0,0,0,0,1,1
CH,AG,2020-03-15,3,1,1,0,1,0,0,0,0,0,0,1,1
CH,AG,2020-03-16,3,1,1,0,1,0,1,1,0,0,1,1,1
CH,AG,2020-03-17,3,1,2,1,1,0,1,1,0,0,1,1,1
CH,AG,2020-03-18,3,1,2,1,1,0,1,1,0,0,1,1,1
CH,AG,2020-03-19,3,1,2,1,1,0,1,1,0,1,1,1,1
CH,AG,2020-03-20,6,1,2,1,1,0,1,1,0,1,1,1,1
CH,AG,2020-03-21,6,1,2,1,1,0,1,1,0,1,1,1,1
CH,AG,2020-03-22,6,1,2,1,1,0,1,1,0,1,1,1,1
CH,AG,2020-03-23,6,1,2,1,1,0,1,1,0,1,1,1,1
CH,AG,2020-03-24,6,1,2,1,1,0,1,1,0,1,1,1,1
CH,AG,2020-03-25,6,1,2,1,1,0,1,1,0,1,1,1,1
CH,AG,2020-03-26,6,1,2,1,1,0,1,1,0,1,1,1,1
CH,AG,2020-03-27,6,1,2,1,1,0,1,1,0,1,1,1,1
CH,AG,2020-03-28,6,1,2,1,1,0,1,1,0,1,1,1,1
CH,AG,2020-03-29,6,1,2,1,1,0,1,1,0,1,1,1,1
CH,AG,2020-03-30,6,1,2,1,1,0,1,1,0,1,1,1,1
CH,AG,2020-03-31,6,1,2,1,1,0,1,1,0,1,1,1,1
CH,AG,2020-04-01,6,1,2,1,1,0,1,1,0,1,1,1,1
CH,AG,2020-04-02,6,1,2,1,1,0,1,1,0,1,1,1,1
CH,AG,2020-04-03,6,1,2,1,1,0,1,1,0,1,1,1,1
CH,AG,2020-04-04,6,1,2,1,1,0,1,1,0,1,1,1,1
CH,AG,2020-04-05,6,1,2,1,1,0,1,1,0,1,1,1,1
CH,AG,2020-04-06,6,1,2,1,1,0,1,1,0,1,1,1,1
CH,AG,2020-04-07,,,,,,,,,,,,,
CH,AG,2020-04-08,,,,,,,,,,,,,
CH,AG,2020-04-09,,,,,,,,,,,,,
CH,AG,2020-04-10,,,,,,,,,,,,,
CH,AG,2020-04-11,,,,,,,,,,,,,
CH,AG,2020-04-12,,,,,,,,,,,,,
CH,AG,2020-04-13,,,,,,,,,,,,,
CH,AG,2020-04-14,,,,,,,,,,,,,
CH,AG,2020-04-15,,,,,,,,,,,,,
CH,AG,2020-04-16,,,,,,,,,,,,,
CH,AG,2020-04-17,,,,,,,,,,,,,
CH,AG,2020-04-18,,,,,,,,,,,,,
CH,AI,2020-01-29,0,0,0,0,0,0,0,0,0,0,0,0,0
CH,AI,2020-01-30,0,0,0,0,0,0,0,0,0,0,0,0,0
CH,AI,2020-01-31,0,0,0,0,0,0,0,0,0,0,0,0,0
CH,AI,2020-02-01,0,0,0,0,0,0,0,0,0,0,0,0,0
CH,AI,2020-02-02,0,0,0,0,0,0,0,0,0,0,0,0,0
CH,AI,2020-02-03,0,0,0,0,0,0,0,0,0,0,0,0,0
CH,AI,2020-02-04,0,0,0,0,0,0,0,0,0,0,0,0,0
CH,AI,2020-02-05,0,0,0,0,0,0,0,0,0,0,0,0,0
CH,AI,2020-02-06,0,0,0,0,0,0,0,0,0,0,0,0,0
CH,AI,2020-02-07,0,0,0,0,0,0,0,0,0,0,0,0,0
CH,AI,2020-02-08,0,0,0,0,0,0,0,0,0,0,0,0,0
CH,AI,2020-02-09,0,0,0,0,0,0,0,0,0,0,0,0,0
CH,AI,2020-02-10,0,0,0,0,0,0,0,0,0,0,0,0,0
CH,AI,2020-02-11,0,0,0,0,0,0,0,0,0,0,0,0,0
CH,AI,2020-02-12,0,0,0,0,0,0,0,0,0,0,0,0,0
CH,AI,2020-02-13,0,0,0,0,0,0,0,0,0,0,0,0,0
CH,AI,2020-02-14,0,0,0,0,0,0,0,0,0,0,0,0,0
CH,AI,2020-02-15,0,0,0,0,0,0,0,0,0,0,0,0,0
CH,AI,2020-02-16,0,0,0,0,0,0,0,0,0,0,0,0,0
CH,AI,2020-02-17,0,0,0,0,0,0,0,0,0,0,0,0,0
CH,AI,2020-02-18,0,0,0,0,0,0,0,0,0,0,0,0,0
CH,AI,2020-02-19,0,0,0,0,0,0,0,0,0,0,0,0,0
CH,AI,2020-02-20,0,0,0,0,0,0,0,0,0,0,0,0,0
CH,AI,2020-02-21,0,0,0,0,0,0,0,0,0,0,0,0,0
CH,AI,2020-02-22,0,0,0,0,0,0,0,0,0,0,0,0,0
CH,AI,2020-02-23,0,0,0,0,0,0,0,0,0,0,0,0,0
CH,AI,2020-02-24,0,0,0,0,0,0,0,0,0,0,0,0,0
CH,AI,2020-02-25,0,0,0,0,0,0,0,0,0,0,0,0,0
CH,AI,2020-02-26,0,0,0,0,0,0,0,0,0,0,0,0,0
CH,AI,2020-02-27,0,0,0,0,0,0,0,0,0,0,0,0,1
CH,AI,2020-02-28,1,0,0,0,0,0,0,0,0,0,0,0,1
CH,AI,2020-02-29,1,0,0,0,0,0,0,0,0,0,0,0,1
CH,AI,2020-03-01,1,0,0,0,0,0,0,0,0,0,0,0,1
CH,AI,2020-03-02,1,0,0,0,0,0,0,0,0,0,0,0,1
CH,AI,2020-03-03,1,0,0,0,0,0,0,0,0,0,0,0,1
CH,AI,2020-03-04,1,0,0,0,0,0,0,0,0,0,0,0,1
CH,AI,2020-03-05,1,0,0,0,0,0,0,0,0,0,0,0,1
CH,AI,2020-03-06,1,0,0,0,0,0,0,0,0,0,0,0,1
CH,AI,2020-03-07,1,0,0,0,0,0,0,0,0,0,0,0,1
CH,AI,2020-03-08,1,0,0,0,0,0,0,0,0,0,0,0,1
CH,AI,2020-03-09,1,0,0,0,0,0,0,0,0,0,0,0,1
CH,AI,2020-03-10,1,0,0,0,0,0,0,0,0,0,0,0,1
CH,AI,2020-03-11,1,0,0,0,0,0,0,0,0,0,0,0,1
CH,AI,2020-03-12,1,0,0,0,0,0,0,0,0,0,0,0,1
CH,AI,2020-03-13,3,0,1,0,1,0,0,0,0,0,0,0,1
CH,AI,2020-03-14,3,2,1,0,1,0,0,0,0,0,0,1,1
CH,AI,2020-03-15,3,2,1,0,1,0,0,0,0,0,0,1,1
CH,AI,2020-03-16,3,2,1,0,1,0,1,1,0,0,1,1,1
CH,AI,2020-03-17,3,2,2,1,1,0,1,1,0,0,1,1,1
CH,AI,2020-03-18,3,2,2,1,1,0,1,1,0,0,1,1,1
CH,AI,2020-03-19,3,2,2,1,1,0,1,1,0,1,1,1,1
CH,AI,2020-03-20,6,2,2,1,1,0,1,1,1,1,1,1,1
CH,AI,2020-03-21,6,2,2,1,1,0,1,1,1,1,1,1,1
CH,AI,2020-03-22,6,2,2,1,1,0,1,1,1,1,1,1,1
CH,AI,2020-03-23,6,2,2,1,1,0,1,1,1,1,1,1,1
CH,AI,2020-03-24,6,2,2,1,1,0,1,1,1,1,1,1,1
CH,AI,2020-03-25,6,2,2,1,1,0,1,1,1,1,1,1,1
CH,AI,2020-03-26,6,2,2,1,1,0,1,1,1,1,1,1,1
CH,AI,2020-03-27,6,2,2,1,1,0,1,1,1,1,1,1,1
CH,AI,2020-03-28,6,2,2,1,1,0,1,1,1,1,1,1,1
CH,AI,2020-03-29,6,2,2,1,1,0,1,1,1,1,1,1,1
CH,AI,2020-03-30,6,2,2,1,1,0,1,1,1,1,1,1,1
CH,AI,2020-03-31,6,2,2,1,1,0,1,1,1,1,1,1,1
CH,AI,2020-04-01,6,2,2,1,1,0,1,1,1,1,1,1,1
CH,AI,2020-04-02,6,2,2,1,1,0,1,1,1,1,1,1,1
CH,AI,2020-04-03,6,2,2,1,1,0,1,1,1,1,1,1,1
CH,AI,2020-04-04,6,2,2,1,1,0,1,1,1,1,1,1,1
CH,AI,2020-04-05,6,2,2,1,1,0,1,1,1,1,1,1,1
CH,AI,2020-04-06,6,2,2,1,1,0,1,1,1,1,1,1,1
CH,AI,2020-04-07,,,,,,,,,,,,,
CH,AI,2020-04-08,,,,,,,,,,,,,
CH,AI,2020-04-09,,,,,,,,,,,,,
CH,AI,2020-04-10,,,,,,,,,,,,,
CH,AI,2020-04-11,,,,,,,,,,,,,
CH,AI,2020-04-12,,,,,,,,,,,,,
CH,AI,2020-04-13,,,,,,,,,,,,,
CH,AI,2020-04-14,,,,,,,,,,,,,
CH,AI,2020-04-15,,,,,,,,,,,,,
CH,AI,2020-04-16,,,,,,,,,,,,,
CH,AI,2020-04-17,,,,,,,,,,,,,
CH,AI,2020-04-18,,,,,,,,,,,,,
CH,AR,2020-01-29,0,0,0,0,0,0,0,0,0,0,0,0,0
CH,AR,2020-01-30,0,0,0,0,0,0,0,0,0,0,0,0,0
CH,AR,2020-01-31,0,0,0,0,0,0,0,0,0,0,0,0,0
CH,AR,2020-02-01,0,0,0,0,0,0,0,0,0,0,0,0,0
CH,AR,2020-02-02,0,0,0,0,0,0,0,0,0,0,0,0,0
CH,AR,2020-02-03,0,0,0,0,0,0,0,0,0,0,0,0,0
CH,AR,2020-02-04,0,0,0,0,0,0,0,0,0,0,0,0,0
CH,AR,2020-02-05,0,0,0,0,0,0,0,0,0,0,0,0,0
CH,AR,2020-02-06,0,0,0,0,0,0,0,0,0,0,0,0,0
CH,AR,2020-02-07,0,0,0,0,0,0,0,0,0,0,0,0,0
CH,AR,2020-02-08,0,0,0,0,0,0,0,0,0,0,0,0,0
CH,AR,2020-02-09,0,0,0,0,0,0,0,0,0,0,0,0,0
CH,AR,2020-02-10,0,0,0,0,0,0,0,0,0,0,0,0,0
CH,AR,2020-02-11,0,0,0,0,0,0,0,0,0,0,0,0,0
CH,AR,2020-02-12,0,0,0,0,0,0,0,0,0,0,0,0,0
CH,AR,2020-02-13,0,0,0,0,0,0,0,0,0,0,0,0,0
CH,AR,2020-02-14,0,0,0,0,0,0,0,0,0,0,0,0,0
CH,AR,2020-02-15,0,0,0,0,0,0,0,0,0,0,0,0,0
CH,AR,2020-02-16,0,0,0,0,0,0,0,0,0,0,0,0,0
CH,AR,2020-02-17,0,0,0,0,0,0,0,0,0,0,0,0,0
CH,AR,2020-02-18,0,0,0,0,0,0,0,0,0,0,0,0,0
CH,AR,2020-02-19,0,0,0,0,0,0,0,0,0,0,0,0,0
CH,AR,2020-02-20,0,0,0,0,0,0,0,0,0,0,0,0,0
CH,AR,2020-02-21,0,0,0,0,0,0,0,0,0,0,0,0,0
CH,AR,2020-02-22,0,0,0,0,0,0,0,0,0,0,0,0,0
CH,AR,2020-02-23,0,0,0,0,0,0,0,0,0,0,0,0,0
CH,AR,2020-02-24,0,0,0,0,0,0,0,0,0,0,0,0,0
CH,AR,2020-02-25,0,0,0,0,0,0,0,0,0,0,0,0,0
CH,AR,2020-02-26,0,0,0,0,0,0,0,0,0,0,0,0,1
CH,AR,2020-02-27,0,0,0,0,0,0,0,0,0,0,0,0,1
CH,AR,2020-02-28,1,0,0,0,0,0,0,0,0,0,0,0,1
CH,AR,2020-02-29,1,0,0,0,0,0,0,0,0,0,0,0,1
CH,AR,2020-03-01,1,0,0,0,0,0,0,0,0,0,0,0,1
CH,AR,2020-03-02,1,0,0,0,0,0,0,0,0,0,0,0,1
CH,AR,2020-03-03,1,0,0,0,0,0,0,0,0,0,0,0,1
CH,AR,2020-03-04,1,0,0,0,0,0,0,0,0,0,0,0,1
CH,AR,2020-03-05,1,0,0,0,0,0,0,0,0,0,0,1,1
CH,AR,2020-03-06,1,0,0,0,0,0,0,0,0,0,0,1,1
CH,AR,2020-03-07,1,0,0,0,0,0,0,0,0,0,0,1,1
CH,AR,2020-03-08,1,0,0,0,0,0,0,0,0,0,0,1,1
CH,AR,2020-03-09,1,0,0,0,0,0,0,0,0,0,0,1,1
CH,AR,2020-03-10,1,0,0,0,0,0,0,0,0,0,0,1,1
CH,AR,2020-03-11,1,0,0,0,0,0,0,0,0,0,0,1,1
CH,AR,2020-03-12,1,0,0,0,0,0,0,0,0,0,0,1,1
CH,AR,2020-03-13,3,2,1,0,1,0,0,0,0,0,0,1,1
CH,AR,2020-03-14,3,2,1,0,1,0,0,0,0,0,0,1,1
CH,AR,2020-03-15,3,2,1,0,1,0,0,0,0,0,0,1,1
CH,AR,2020-03-16,3,2,1,0,1,0,1,1,0,0,1,1,1
CH,AR,2020-03-17,3,2,2,1,1,0,1,1,0,0,1,1,1
CH,AR,2020-03-18,3,2,2,1,1,0,1,1,1,0,1,1,1
CH,AR,2020-03-19,3,2,2,1,1,0,1,1,1,1,1,1,1
CH,AR,2020-03-20,6,2,2,1,1,0,1,1,1,1,1,1,1
CH,AR,2020-03-21,6,2,2,1,1,0,1,1,1,1,1,1,1
CH,AR,2020-03-22,6,2,2,1,1,0,1,1,1,1,1,1,1
CH,AR,2020-03-23,6,2,2,1,1,0,1,1,1,1,1,1,1
CH,AR,2020-03-24,6,2,2,1,1,0,1,1,1,1,1,1,1
CH,AR,2020-03-25,6,2,2,1,1,0,1,1,1,1,1,1,1
CH,AR,2020-03-26,6,2,2,1,1,0,1,1,1,1,1,1,1
CH,AR,2020-03-27,6,2,2,1,1,0,1,1,1,1,1,1,1
CH,AR,2020-03-28,6,2,2,1,1,0,1,1,1,1,1,1,1
CH,AR,2020-03-29,6,2,2,1,1,0,1,1,1,1,1,1,1
CH,AR,2020-03-30,6,2,2,1,1,0,1,1,1,1,1,1,1
CH,AR,2020-03-31,6,2,2,1,1,0,1,1,1,1,1,1,1
CH,AR,2020-04-01,6,2,2,1,1,0,1,1,1,1,1,1,1
CH,AR,2020-04-02,6,2,2,1,1,0,1,1,1,1,1,1,1
CH,AR,2020-04-03,6,2,2,1,1,0,1,1,1,1,1,1,1
CH,AR,2020-04-04,6,2,2,1,1,0,1,1,1,1,1,1,1
CH,AR,2020-04-05,6,2,2,1,1,0,1,1,1,1,1,1,1
CH,AR,2020-04-06,6,2,2,1,1,0,1,1,1,1,1,1,1
CH,AR,2020-04-07,,,,,,,,,,,,,
CH,AR,2020-04-08,,,,,,,,,,,,,
CH,AR,2020-04-09,,,,,,,,,,,,,
CH,AR,2020-04-10,,,,,,,,,,,,,
CH,AR,2020-04-11,,,,,,,,,,,,,
CH,AR,2020-04-12,,,,,,,,,,,,,
CH,AR,2020-04-13,,,,,,,,,,,,,
CH,AR,2020-04-14,,,,,,,,,,,,,
CH,AR,2020-04-15,,,,,,,,,,,,,
CH,AR,2020-04-16,,,,,,,,,,,,,
CH,AR,2020-04-17,,,,,,,,,,,,,
CH,AR,2020-04-18,,,,,,,,,,,,,
CH,BE,2020-01-29,0,0,0,0,0,0,0,0,0,0,0,0,1
CH,BE,2020-01-30,0,0,0,0,0,0,0,0,0,0,0,0,1
CH,BE,2020-01-31,0,0,0,0,0,0,0,0,0,0,0,0,1
CH,BE,2020-02-01,0,0,0,0,0,0,0,0,0,0,0,0,1
CH,BE,2020-02-02,0,0,0,0,0,0,0,0,0,0,0,0,1
CH,BE,2020-02-03,0,0,0,0,0,0,0,0,0,0,0,0,1
CH,BE,2020-02-04,0,0,0,0,0,0,0,0,0,0,0,0,1
CH,BE,2020-02-05,0,0,0,0,0,0,0,0,0,0,0,0,1
CH,BE,2020-02-06,0,0,0,0,0,0,0,0,0,0,0,0,1
CH,BE,2020-02-07,0,0,0,0,0,0,0,0,0,0,0,0,1
CH,BE,2020-02-08,0,0,0,0,0,0,0,0,0,0,0,0,1
CH,BE,2020-02-09,0,0,0,0,0,0,0,0,0,0,0,0,1
CH,BE,2020-02-10,0,0,0,0,0,0,0,0,0,0,0,0,1
CH,BE,2020-02-11,0,0,0,0,0,0,0,0,0,0,0,0,1
CH,BE,2020-02-12,0,0,0,0,0,0,0,0,0,0,0,0,1
CH,BE,2020-02-13,0,0,0,0,0,0,0,0,0,0,0,0,1
CH,BE,2020-02-14,0,0,0,0,0,0,0,0,0,0,0,0,1
CH,BE,2020-02-15,0,0,0,0,0,0,0,0,0,0,0,0,1
CH,BE,2020-02-16,0,0,0,0,0,0,0,0,0,0,0,0,1
CH,BE,2020-02-17,0,0,0,0,0,0,0,0,0,0,0,0,1
CH,BE,2020-02-18,0,0,0,0,0,0,0,0,0,0,0,0,1
CH,BE,2020-02-19,0,0,0,0,0,0,0,0,0,0,0,0,1
CH,BE,2020-02-20,0,0,0,0,0,0,0,0,0,0,0,0,1
CH,BE,2020-02-21,0,0,0,0,0,0,0,0,0,0,0,0,1
CH,BE,2020-02-22,0,0,0,0,0,0,0,0,0,0,0,0,1
CH,BE,2020-02-23,0,0,0,0,0,0,0,0,0,0,0,0,1
CH,BE,2020-02-24,0,0,0,0,0,0,0,0,0,0,0,0,1
CH,BE,2020-02-25,0,0,0,0,0,0,0,0,0,0,0,0,1
CH,BE,2020-02-26,0,0,0,0,0,0,0,0,0,0,0,0,1
CH,BE,2020-02-27,0,0,0,0,0,0,0,0,0,0,0,0,1
CH,BE,2020-02-28,1,0,0,0,0,0,0,0,0,0,0,1,1
CH,BE,2020-02-29,1,0,0,0,0,0,0,0,0,0,0,1,1
CH,BE,2020-03-01,1,0,0,0,0,0,0,0,0,0,0,1,1
CH,BE,2020-03-02,1,0,0,0,0,0,0,0,0,0,0,1,1
CH,BE,2020-03-03,1,0,0,0,0,0,0,0,0,0,0,1,1
CH,BE,2020-03-04,1,0,0,0,0,0,0,0,0,0,0,1,1
CH,BE,2020-03-05,1,0,0,0,0,0,0,0,0,0,0,1,1
CH,BE,2020-03-06,1,0,0,0,0,0,0,0,0,0,0,1,1
CH,BE,2020-03-07,1,0,0,0,0,0,0,0,0,0,0,1,1
CH,BE,2020-03-08,1,0,0,0,0,0,0,0,0,0,0,1,1
CH,BE,2020-03-09,1,1,0,0,0,0,0,0,0,0,0,1,1
CH,BE,2020-03-10,1,1,0,0,0,0,0,0,0,0,0,1,1
CH,BE,2020-03-11,1,1,0,0,0,0,0,0,0,0,0,1,1
CH,BE,2020-03-12,1,1,0,0,0,0,0,0,0,0,0,1,1
CH,BE,2020-03-13,3,2,1,0,1,0,0,0,0,0,0,1,1
CH,BE,2020-03-14,3,2,1,1,1,0,0,0,0,0,0,1,1
CH,BE,2020-03-15,3,2,1,1,1,0,0,0,0,0,0,1,1
CH,BE,2020-03-16,3,2,1,1,1,0,1,1,1,0,1,1,1
CH,BE,2020-03-17,3,2,2,1,1,0,1,1,1,0,1,1,1
CH,BE,2020-03-18,3,2,2,1,1,0,1,1,1,0,1,1,1
CH,BE,2020-03-19,3,2,2,1,1,0,1,1,1,1,1,1,1
CH,BE,2020-03-20,6,2,2,1,1,0,1,1,1,1,1,1,1
CH,BE,2020-03-21,6,2,2,1,1,0,1,1,1,1,1,1,1
CH,BE,2020-03-22,6,2,2,1,1,0,1,1,1,1,1,1,1
CH,BE,2020-03-23,6,2,2,1,1,0,1,1,1,1,1,1,1
CH,BE,2020-03-24,6,2,2,1,1,0,1,1,1,1,1,1,1
CH,BE,2020-03-25,6,2,2,1,1,0,1,1,1,1,1,1,1
CH,BE,2020-03-26,6,2,2,1,1,0,1,1,1,1,1,1,1
CH,BE,2020-03-27,6,2,2,1,1,0,1,1,1,1,1,1,1
CH,BE,2020-03-28,6,2,2,1,1,0,1,1,1,1,1,1,1
CH,BE,2020-03-29,6,2,2,1,1,0,1,1,1,1,1,1,1
CH,BE,2020-03-30,6,2,2,1,1,0,1,1,1,1,1,1,1
CH,BE,2020-03-31,6,2,2,1,1,0,1,1,1,1,1,1,1
CH,BE,2020-04-01,6,2,2,1,1,0,1,1,1,1,1,1,1
CH,BE,2020-04-02,6,2,2,1,1,0,1,1,1,1,1,1,1
CH,BE,2020-04-03,6,2,2,1,1,0,1,1,1,1,1,1,1
CH,BE,2020-04-04,6,2,2,1,1,0,1,1,1,1,1,1,1
CH,BE,2020-04-05,6,2,2,1,1,0,1,1,1,1,1,1,1
CH,BE,2020-04-06,6,2,2,1,1,0,1,1,1,1,1,1,1
CH,BE,2020-04-07,,,,,,,,,,,,,
CH,BE,2020-04-08,,,,,,,,,,,,,
CH,BE,2020-04-09,,,,,,,,,,,,,
CH,BE,2020-04-10,,,,,,,,,,,,,
CH,BE,2020-04-11,,,,,,,,,,,,,
CH,BE,2020-04-12,,,,,,,,,,,,,
CH,BE,2020-04-13,,,,,,,,,,,,,
CH,BE,2020-04-14,,,,,,,,,,,,,
CH,BE,2020-04-15,,,,,,,,,,,,,
CH,BE,2020-04-16,,,,,,,,,,,,,
CH,BE,2020-04-17,,,,,,,,,,,,,
CH,BE,2020-04-18,,,,,,,,,,,,,
CH,BL,2020-01-29,0,0,0,0,0,0,0,0,0,0,0,0,0
CH,BL,2020-01-30,0,0,0,0,0,0,0,0,0,0,0,0,0
CH,BL,2020-01-31,0,0,0,0,0,0,0,0,0,0,0,0,0
CH,BL,2020-02-01,0,0,0,0,0,0,0,0,0,0,0,0,0
CH,BL,2020-02-02,0,0,0,0,0,0,0,0,0,0,0,0,0
CH,BL,2020-02-03,0,0,0,0,0,0,0,0,0,0,0,0,0
CH,BL,2020-02-04,0,0,0,0,0,0,0,0,0,0,0,0,0
CH,BL,2020-02-05,0,0,0,0,0,0,0,0,0,0,0,0,0
CH,BL,2020-02-06,0,0,0,0,0,0,0,0,0,0,0,0,0
CH,BL,2020-02-07,0,0,0,0,0,0,0,0,0,0,0,0,0
CH,BL,2020-02-08,0,0,0,0,0,0,0,0,0,0,0,0,0
CH,BL,2020-02-09,0,0,0,0,0,0,0,0,0,0,0,0,0
CH,BL,2020-02-10,0,0,0,0,0,0,0,0,0,0,0,0,0
CH,BL,2020-02-11,0,0,0,0,0,0,0,0,0,0,0,0,0
CH,BL,2020-02-12,0,0,0,0,0,0,0,0,0,0,0,0,0
CH,BL,2020-02-13,0,0,0,0,0,0,0,0,0,0,0,0,0
CH,BL,2020-02-14,0,0,0,0,0,0,0,0,0,0,0,0,0
CH,BL,2020-02-15,0,0,0,0,0,0,0,0,0,0,0,0,0
CH,BL,2020-02-16,0,0,0,0,0,0,0,0,0,0,0,0,0
CH,BL,2020-02-17,0,0,0,0,0,0,0,0,0,0,0,0,0
CH,BL,2020-02-18,0,0,0,0,0,0,0,0,0,0,0,0,0
CH,BL,2020-02-19,0,0,0,0,0,0,0,0,0,0,0,0,0
CH,BL,2020-02-20,0,0,0,0,0,0,0,0,0,0,0,0,0
CH,BL,2020-02-21,0,0,0,0,0,0,0,0,0,0,0,0,0
CH,BL,2020-02-22,0,0,0,0,0,0,0,0,0,0,0,0,0
CH,BL,2020-02-23,0,0,0,0,0,0,0,0,0,0,0,0,0
CH,BL,2020-02-24,0,0,0,0,0,0,0,0,0,0,0,0,0
CH,BL,2020-02-25,0,0,0,0,0,0,0,0,0,0,0,0,0
CH,BL,2020-02-26,0,0,0,0,0,0,0,0,0,0,0,0,0
CH,BL,2020-02-27,0,0,0,0,0,0,0,0,0,0,0,0,1
CH,BL,2020-02-28,1,0,0,0,0,0,0,0,0,0,0,1,1
CH,BL,2020-02-29,1,0,0,0,0,0,0,0,0,0,0,1,1
CH,BL,2020-03-01,1,0,0,0,0,0,0,0,0,0,0,1,1
CH,BL,2020-03-02,1,0,0,0,0,0,0,0,0,0,0,1,1
CH,BL,2020-03-03,1,0,0,0,0,0,0,0,0,0,0,1,1
CH,BL,2020-03-04,1,0,0,0,0,0,0,0,0,0,0,1,1
CH,BL,2020-03-05,1,0,0,0,0,0,0,0,0,0,0,1,1
CH,BL,2020-03-06,1,0,0,0,0,0,0,0,0,0,0,1,1
CH,BL,2020-03-07,1,0,0,0,0,0,0,0,0,0,0,1,1
CH,BL,2020-03-08,1,0,0,0,0,0,0,0,0,0,0,1,1
CH,BL,2020-03-09,1,0,0,0,0,0,0,0,0,0,0,1,1
CH,BL,2020-03-10,1,0,0,0,0,0,0,0,0,0,0,1,1
CH,BL,2020-03-11,1,0,0,0,0,0,0,0,0,0,0,1,1
CH,BL,2020-03-12,1,0,0,0,0,0,0,0,0,0,0,1,1
CH,BL,2020-03-13,3,0,1,0,1,0,0,0,0,0,0,1,1
CH,BL,2020-03-14,3,0,1,0,1,0,0,0,0,0,0,1,1
CH,BL,2020-03-15,3,0,1,0,1,0,0,0,0,0,0,1,1
CH,BL,2020-03-16,4,1,2,0,1,0,1,1,1,1,1,1,1
CH,BL,2020-03-17,4,1,2,1,1,0,1,1,1,1,1,1,1
CH,BL,2020-03-18,4,1,2,1,1,0,1,1,1,1,1,1,1
CH,BL,2020-03-19,4,1,2,1,1,0,1,1,1,1,1,1,1
CH,BL,2020-03-20,6,1,2,1,1,0,1,1,1,1,1,1,1
CH,BL,2020-03-21,6,1,2,1,1,0,1,1,1,1,1,1,1
CH,BL,2020-03-22,6,1,2,1,1,0,1,1,1,1,1,1,1
CH,BL,2020-03-23,6,1,2,1,1,0,1,1,1,1,1,1,1
CH,BL,2020-03-24,6,1,2,1,1,0,1,1,1,1,1,1,1
CH,BL,2020-03-25,6,1,2,1,1,0,1,1,1,1,1,1,1
CH,BL,2020-03-26,6,1,2,1,1,0,1,1,1,1,1,1,1
CH,BL,2020-03-27,6,1,2,1,1,0,1,1,1,1,1,1,1
CH,BL,2020-03-28,6,1,2,1,1,0,1,1,1,1,1,1,1
CH,BL,2020-03-29,6,1,2,1,1,0,1,1,1,1,1,1,1
CH,BL,2020-03-30,6,1,2,1,1,0,1,1,1,1,1,1,1
CH,BL,2020-03-31,6,1,2,1,1,0,1,1,1,1,1,1,1
CH,BL,2020-04-01,6,1,2,1,1,0,1,1,1,1,1,1,1
CH,BL,2020-04-02,6,1,2,1,1,0,1,1,1,1,1,1,1
CH,BL,2020-04-03,6,1,2,1,1,0,1,1,1,1,1,1,1
CH,BL,2020-04-04,6,1,2,1,1,0,1,1,1,1,1,1,1
CH,BL,2020-04-05,6,1,2,1,1,0,1,1,1,1,1,1,1
CH,BL,2020-04-06,6,1,2,1,1,0,1,1,1,1,1,1,1
CH,BL,2020-04-07,,,,,,,,,,,,,
CH,BL,2020-04-08,,,,,,,,,,,,,
CH,BL,2020-04-09,,,,,,,,,,,,,
CH,BL,2020-04-10,,,,,,,,,,,,,
CH,BL,2020-04-11,,,,,,,,,,,,,
CH,BL,2020-04-12,,,,,,,,,,,,,
CH,BL,2020-04-13,,,,,,,,,,,,,
CH,BL,2020-04-14,,,,,,,,,,,,,
CH,BL,2020-04-15,,,,,,,,,,,,,
CH,BL,2020-04-16,,,,,,,,,,,,,
CH,BL,2020-04-17,,,,,,,,,,,,,
CH,BL,2020-04-18,,,,,,,,,,,,,
CH,BS,2020-01-29,0,0,0,0,0,0,0,0,0,0,0,0,0
CH,BS,2020-01-30,0,0,0,0,0,0,0,0,0,0,0,0,0
CH,BS,2020-01-31,0,0,0,0,0,0,0,0,0,0,0,0,0
CH,BS,2020-02-01,0,0,0,0,0,0,0,0,0,0,0,0,0
CH,BS,2020-02-02,0,0,0,0,0,0,0,0,0,0,0,0,0
CH,BS,2020-02-03,0,0,0,0,0,0,0,0,0,0,0,0,0
CH,BS,2020-02-04,0,0,0,0,0,0,0,0,0,0,0,0,0
CH,BS,2020-02-05,0,0,0,0,0,0,0,0,0,0,0,0,0
CH,BS,2020-02-06,0,0,0,0,0,0,0,0,0,0,0,0,0
CH,BS,2020-02-07,0,0,0,0,0,0,0,0,0,0,0,0,0
CH,BS,2020-02-08,0,0,0,0,0,0,0,0,0,0,0,0,0
CH,BS,2020-02-09,0,0,0,0,0,0,0,0,0,0,0,0,0
CH,BS,2020-02-10,0,0,0,0,0,0,0,0,0,0,0,0,0
CH,BS,2020-02-11,0,0,0,0,0,0,0,0,0,0,0,0,0
CH,BS,2020-02-12,0,0,0,0,0,0,0,0,0,0,0,0,0
CH,BS,2020-02-13,0,0,0,0,0,0,0,0,0,0,0,0,0
CH,BS,2020-02-14,0,0,0,0,0,0,0,0,0,0,0,0,0
CH,BS,2020-02-15,0,0,0,0,0,0,0,0,0,0,0,0,0
CH,BS,2020-02-16,0,0,0,0,0,0,0,0,0,0,0,0,0
CH,BS,2020-02-17,0,0,0,0,0,0,0,0,0,0,0,0,0
CH,BS,2020-02-18,0,0,0,0,0,0,0,0,0,0,0,0,0
CH,BS,2020-02-19,0,0,0,0,0,0,0,0,0,0,0,0,0
CH,BS,2020-02-20,0,0,0,0,0,0,0,0,0,0,0,0,0
CH,BS,2020-02-21,0,0,0,0,0,0,0,0,0,0,0,0,0
CH,BS,2020-02-22,0,0,0,0,0,0,0,0,0,0,0,0,0
CH,BS,2020-02-23,0,0,0,0,0,0,0,0,0,0,0,0,0
CH,BS,2020-02-24,0,0,0,0,0,0,0,0,0,0,0,0,0
CH,BS,2020-02-25,0,0,0,0,0,0,0,0,0,0,0,0,0
CH,BS,2020-02-26,0,0,0,0,0,0,0,0,0,0,0,0,0
CH,BS,2020-02-27,0,0,0,0,0,0,0,0,0,0,0,1,1
CH,BS,2020-02-28,1,0,0,0,0,0,0,0,0,0,0,1,1
CH,BS,2020-02-29,1,0,0,0,0,0,0,0,0,0,0,1,1
CH,BS,2020-03-01,1,0,0,0,0,0,0,0,0,0,0,1,1
CH,BS,2020-03-02,1,0,0,0,0,0,0,0,0,0,0,1,1
CH,BS,2020-03-03,1,0,0,0,0,0,0,0,0,0,0,1,1
CH,BS,2020-03-04,1,0,0,0,0,0,0,0,0,0,0,1,1
CH,BS,2020-03-05,1,0,0,0,0,0,0,0,0,0,0,1,1
CH,BS,2020-03-06,1,0,0,0,0,0,0,0,0,0,0,1,1
CH,BS,2020-03-07,1,0,0,0,0,0,0,0,0,0,0,1,1
CH,BS,2020-03-08,1,0,0,0,0,0,0,0,0,0,0,1,1
CH,BS,2020-03-09,1,0,0,0,0,0,0,0,0,0,0,1,1
CH,BS,2020-03-10,1,0,0,0,0,0,0,0,0,0,0,1,1
CH,BS,2020-03-11,1,0,0,0,0,0,0,0,0,0,0,1,1
CH,BS,2020-03-12,1,0,0,0,0,0,0,0,0,0,0,1,1
CH,BS,2020-03-13,3,0,1,0,1,0,0,0,0,0,0,1,1
CH,BS,2020-03-14,3,0,1,1,1,0,0,0,0,0,0,1,1
CH,BS,2020-03-15,3,0,1,1,1,0,0,0,0,0,0,1,1
CH,BS,2020-03-16,3,0,1,1,1,1,1,1,0,0,1,1,1
CH,BS,2020-03-17,3,0,2,1,1,1,1,1,0,0,1,1,1
CH,BS,2020-03-18,3,0,2,1,1,1,1,1,0,0,1,1,1
CH,BS,2020-03-19,3,0,2,1,1,1,1,1,0,1,1,1,1
CH,BS,2020-03-20,6,0,2,1,1,1,1,1,0,1,1,1,1
CH,BS,2020-03-21,6,0,2,1,1,1,1,1,0,1,1,1,1
CH,BS,2020-03-22,6,0,2,1,1,1,1,1,0,1,1,1,1
CH,BS,2020-03-23,6,0,2,1,1,1,1,1,0,1,1,1,1
CH,BS,2020-03-24,6,0,2,1,1,1,1,1,0,1,1,1,1
CH,BS,2020-03-25,6,0,2,1,1,1,1,1,0,1,1,1,1
CH,BS,2020-03-26,6,2,2,1,1,1,1,1,0,1,1,1,1
CH,BS,2020-03-27,6,2,2,1,1,1,1,1,0,1,1,1,1
CH,BS,2020-03-28,6,2,2,1,1,1,1,1,0,1,1,1,1
CH,BS,2020-03-29,6,2,2,1,1,1,1,1,0,1,1,1,1
CH,BS,2020-03-30,6,2,2,1,1,1,1,1,0,1,1,1,1
CH,BS,2020-03-31,6,2,2,1,1,1,1,1,0,1,1,1,1
CH,BS,2020-04-01,6,2,2,1,1,1,1,1,0,1,1,1,1
CH,BS,2020-04-02,6,2,2,1,1,1,1,1,0,1,1,1,1
CH,BS,2020-04-03,6,2,2,1,1,1,1,1,0,1,1,1,1
CH,BS,2020-04-04,6,2,2,1,1,1,1,1,0,1,1,1,1
CH,BS,2020-04-05,6,2,2,1,1,1,1,1,0,1,1,1,1
CH,BS,2020-04-06,6,2,2,1,1,1,1,1,0,1,1,1,1
CH,BS,2020-04-07,,,,,,,,,,,,,
CH,BS,2020-04-08,,,,,,,,,,,,,
CH,BS,2020-04-09,,,,,,,,,,,,,
CH,BS,2020-04-10,,,,,,,,,,,,,
CH,BS,2020-04-11,,,,,,,,,,,,,
CH,BS,2020-04-12,,,,,,,,,,,,,
CH,BS,2020-04-13,,,,,,,,,,,,,
CH,BS,2020-04-14,,,,,,,,,,,,,
CH,BS,2020-04-15,,,,,,,,,,,,,
CH,BS,2020-04-16,,,,,,,,,,,,,
CH,BS,2020-04-17,,,,,,,,,,,,,
CH,BS,2020-04-18,,,,,,,,,,,,,
CH,FR,2020-01-29,0,0,0,0,0,0,0,0,0,0,0,0,0
CH,FR,2020-01-30,0,0,0,0,0,0,0,0,0,0,0,0,0
CH,FR,2020-01-31,0,0,0,0,0,0,0,0,0,0,0,0,0
CH,FR,2020-02-01,0,0,0,0,0,0,0,0,0,0,0,0,0
CH,FR,2020-02-02,0,0,0,0,0,0,0,0,0,0,0,0,0
CH,FR,2020-02-03,0,0,0,0,0,0,0,0,0,0,0,0,0
CH,FR,2020-02-04,0,0,0,0,0,0,0,0,0,0,0,0,0
CH,FR,2020-02-05,0,0,0,0,0,0,0,0,0,0,0,0,0
CH,FR,2020-02-06,0,0,0,0,0,0,0,0,0,0,0,0,0
CH,FR,2020-02-07,0,0,0,0,0,0,0,0,0,0,0,0,0
CH,FR,2020-02-08,0,0,0,0,0,0,0,0,0,0,0,0,0
CH,FR,2020-02-09,0,0,0,0,0,0,0,0,0,0,0,0,0
CH,FR,2020-02-10,0,0,0,0,0,0,0,0,0,0,0,0,0
CH,FR,2020-02-11,0,0,0,0,0,0,0,0,0,0,0,0,0
CH,FR,2020-02-12,0,0,0,0,0,0,0,0,0,0,0,0,0
CH,FR,2020-02-13,0,0,0,0,0,0,0,0,0,0,0,0,0
CH,FR,2020-02-14,0,0,0,0,0,0,0,0,0,0,0,0,0
CH,FR,2020-02-15,0,0,0,0,0,0,0,0,0,0,0,0,0
CH,FR,2020-02-16,0,0,0,0,0,0,0,0,0,0,0,0,0
CH,FR,2020-02-17,0,0,0,0,0,0,0,0,0,0,0,0,0
CH,FR,2020-02-18,0,0,0,0,0,0,0,0,0,0,0,0,0
CH,FR,2020-02-19,0,0,0,0,0,0,0,0,0,0,0,0,0
CH,FR,2020-02-20,0,0,0,0,0,0,0,0,0,0,0,0,0
CH,FR,2020-02-21,0,0,0,0,0,0,0,0,0,0,0,0,0
CH,FR,2020-02-22,0,0,0,0,0,0,0,0,0,0,0,0,0
CH,FR,2020-02-23,0,0,0,0,0,0,0,0,0,0,0,0,0
CH,FR,2020-02-24,0,0,0,0,0,0,0,0,0,0,0,0,0
CH,FR,2020-02-25,0,0,0,0,0,0,0,0,0,0,0,0,0
CH,FR,2020-02-26,0,0,0,0,0,0,0,0,0,0,0,0,0
CH,FR,2020-02-27,0,0,0,0,0,0,0,0,0,0,0,0,1
CH,FR,2020-02-28,1,0,0,0,0,0,0,0,0,0,0,0,1
CH,FR,2020-02-29,1,0,0,0,0,0,0,0,0,0,0,0,1
CH,FR,2020-03-01,1,0,0,0,0,0,0,0,0,0,0,1,1
CH,FR,2020-03-02,1,0,0,0,0,0,0,0,0,0,0,1,1
CH,FR,2020-03-03,1,0,0,0,0,0,0,0,0,0,0,1,1
CH,FR,2020-03-04,1,0,0,0,0,0,0,0,0,0,0,1,1
CH,FR,2020-03-05,1,0,0,0,0,0,0,0,0,0,0,1,1
CH,FR,2020-03-06,1,0,0,0,0,0,0,0,0,0,0,1,1
CH,FR,2020-03-07,1,0,0,0,0,0,0,0,0,0,0,1,1
CH,FR,2020-03-08,1,0,0,0,0,0,0,0,0,0,0,1,1
CH,FR,2020-03-09,1,0,0,0,0,0,0,0,0,0,0,1,1
CH,FR,2020-03-10,1,0,0,0,0,0,0,0,0,0,0,1,1
CH,FR,2020-03-11,1,0,0,0,0,0,0,0,0,0,0,1,1
CH,FR,2020-03-12,1,0,0,0,0,0,0,0,0,0,0,1,1
CH,FR,2020-03-13,3,0,1,0,1,0,0,0,0,0,0,1,1
CH,FR,2020-03-14,3,0,1,0,1,0,0,0,0,0,0,1,1
CH,FR,2020-03-15,3,0,1,0,1,0,0,0,0,0,0,1,1
CH,FR,2020-03-16,3,0,1,0,1,1,1,1,0,0,1,1,1
CH,FR,2020-03-17,4,0,2,1,1,1,1,1,1,0,1,1,1
CH,FR,2020-03-18,4,0,2,1,1,1,1,1,1,0,1,1,1
CH,FR,2020-03-19,4,0,2,1,1,1,1,1,1,1,1,1,1
CH,FR,2020-03-20,6,0,2,1,1,1,1,1,1,1,1,1,1
CH,FR,2020-03-21,6,0,2,1,1,1,1,1,1,1,1,1,1
CH,FR,2020-03-22,6,0,2,1,1,1,1,1,1,1,1,1,1
CH,FR,2020-03-23,6,0,2,1,1,1,1,1,1,1,1,1,1
CH,FR,2020-03-24,6,0,2,1,1,1,1,1,1,1,1,1,1
CH,FR,2020-03-25,6,0,2,1,1,1,1,1,1,1,1,1,1
CH,FR,2020-03-26,6,0,2,1,1,1,1,1,1,1,1,1,1
CH,FR,2020-03-27,6,0,2,1,1,1,1,1,1,1,1,1,1
CH,FR,2020-03-28,6,0,2,1,1,1,1,1,1,1,1,1,1
CH,FR,2020-03-29,6,0,2,1,1,1,1,1,1,1,1,1,1
CH,FR,2020-03-30,6,0,2,1,1,1,1,1,1,1,1,1,1
CH,FR,2020-03-31,6,0,2,1,1,1,1,1,1,1,1,1,1
CH,FR,2020-04-01,6,0,2,1,1,1,1,1,1,1,1,1,1
CH,FR,2020-04-02,6,0,2,1,1,1,1,1,1,1,1,1,1
CH,FR,2020-04-03,6,0,2,1,1,1,1,1,1,1,1,1,1
CH,FR,2020-04-04,6,0,2,1,1,1,1,1,1,1,1,1,1
CH,FR,2020-04-05,6,0,2,1,1,1,1,1,1,1,1,1,1
CH,FR,2020-04-06,6,0,2,1,1,1,1,1,1,1,1,1,1
CH,FR,2020-04-07,,,,,,,,,,,,,
CH,FR,2020-04-08,,,,,,,,,,,,,
CH,FR,2020-04-09,,,,,,,,,,,,,
CH,FR,2020-04-10,,,,,,,,,,,,,
CH,FR,2020-04-11,,,,,,,,,,,,,
CH,FR,2020-04-12,,,,,,,,,,,,,
CH,FR,2020-04-13,,,,,,,,,,,,,
CH,FR,2020-04-14,,,,,,,,,,,,,
CH,FR,2020-04-15,,,,,,,,,,,,,
CH,FR,2020-04-16,,,,,,,,,,,,,
CH,FR,2020-04-17,,,,,,,,,,,,,
CH,FR,2020-04-18,,,,,,,,,,,,,
CH,GE,2020-01-29,0,0,0,0,0,0,0,0,0,0,0,0,0
CH,GE,2020-01-30,0,0,0,0,0,0,0,0,0,0,0,0,0
CH,GE,2020-01-31,0,0,0,0,0,0,0,0,0,0,0,0,0
CH,GE,2020-02-01,0,0,0,0,0,0,0,0,0,0,0,0,0
CH,GE,2020-02-02,0,0,0,0,0,0,0,0,0,0,0,0,0
CH,GE,2020-02-03,0,0,0,0,0,0,0,0,0,0,0,0,0
CH,GE,2020-02-04,0,0,0,0,0,0,0,0,0,0,0,0,0
CH,GE,2020-02-05,0,0,0,0,0,0,0,0,0,0,0,0,0
CH,GE,2020-02-06,0,0,0,0,0,0,0,0,0,0,0,0,0
CH,GE,2020-02-07,0,0,0,0,0,0,0,0,0,0,0,0,0
CH,GE,2020-02-08,0,0,0,0,0,0,0,0,0,0,0,0,0
CH,GE,2020-02-09,0,0,0,0,0,0,0,0,0,0,0,0,0
CH,GE,2020-02-10,0,0,0,0,0,0,0,0,0,0,0,0,0
CH,GE,2020-02-11,0,0,0,0,0,0,0,0,0,0,0,0,0
CH,GE,2020-02-12,0,0,0,0,0,0,0,0,0,0,0,0,0
CH,GE,2020-02-13,0,0,0,0,0,0,0,0,0,0,0,0,0
CH,GE,2020-02-14,0,0,0,0,0,0,0,0,0,0,0,0,0
CH,GE,2020-02-15,0,0,0,0,0,0,0,0,0,0,0,0,0
CH,GE,2020-02-16,0,0,0,0,0,0,0,0,0,0,0,0,0
CH,GE,2020-02-17,0,0,0,0,0,0,0,0,0,0,0,0,0
CH,GE,2020-02-18,0,0,0,0,0,0,0,0,0,0,0,0,0
CH,GE,2020-02-19,0,0,0,0,0,0,0,0,0,0,0,0,0
CH,GE,2020-02-20,0,0,0,0,0,0,0,0,0,0,0,0,0
CH,GE,2020-02-21,0,0,0,0,0,0,0,0,0,0,0,0,0
CH,GE,2020-02-22,0,0,0,0,0,0,0,0,0,0,0,0,0
CH,GE,2020-02-23,0,0,0,0,0,0,0,0,0,0,0,0,0
CH,GE,2020-02-24,0,0,0,0,0,0,0,0,0,0,0,0,0
CH,GE,2020-02-25,0,0,0,0,0,0,0,0,0,0,0,0,0
CH,GE,2020-02-26,0,0,0,0,0,0,0,0,0,0,0,1,1
CH,GE,2020-02-27,0,0,0,0,0,0,0,0,0,0,0,1,1
CH,GE,2020-02-28,1,0,0,0,0,0,0,0,0,0,0,1,1
CH,GE,2020-02-29,1,0,0,0,0,0,0,0,0,0,0,1,1
CH,GE,2020-03-01,1,0,0,0,0,0,0,0,0,0,0,1,1
CH,GE,2020-03-02,1,0,0,0,0,0,0,0,0,0,0,1,1
CH,GE,2020-03-03,1,0,0,0,0,0,0,0,0,0,0,1,1
CH,GE,2020-03-04,1,0,0,0,0,0,0,0,0,0,0,1,1
CH,GE,2020-03-05,1,0,0,0,0,0,0,0,0,0,0,1,1
CH,GE,2020-03-06,1,0,0,0,0,0,0,0,0,0,0,1,1
CH,GE,2020-03-07,1,0,0,0,0,0,0,0,0,0,0,1,1
CH,GE,2020-03-08,1,0,0,0,0,0,0,0,0,0,0,1,1
CH,GE,2020-03-09,1,0,0,0,0,0,0,0,0,0,0,1,1
CH,GE,2020-03-10,1,0,0,0,0,0,0,0,0,0,0,1,1
CH,GE,2020-03-11,3,0,0,0,0,0,0,0,0,0,0,1,1
CH,GE,2020-03-12,3,0,0,0,0,0,0,0,1,0,0,1,1
CH,GE,2020-03-13,3,1,1,1,1,0,0,0,1,0,0,1,1
CH,GE,2020-03-14,3,1,1,1,1,0,0,0,1,0,0,1,1
CH,GE,2020-03-15,3,1,1,1,1,0,0,0,1,0,0,1,1
CH,GE,2020-03-16,6,1,2,1,1,1,1,1,1,1,1,1,1
CH,GE,2020-03-17,6,1,2,1,1,1,1,1,1,1,1,1,1
CH,GE,2020-03-18,6,2,2,1,1,1,1,1,1,1,1,1,1
CH,GE,2020-03-19,6,2,2,1,1,1,1,1,1,1,1,1,1
CH,GE,2020-03-20,6,2,2,1,1,1,1,1,1,1,1,1,1
CH,GE,2020-03-21,6,2,2,1,1,1,1,1,1,1,1,1,1
CH,GE,2020-03-22,6,2,2,1,1,1,1,1,1,1,1,1,1
CH,GE,2020-03-23,6,2,2,1,1,1,1,1,1,1,1,1,1
CH,GE,2020-03-24,6,2,2,1,1,1,1,1,1,1,1,1,1
CH,GE,2020-03-25,6,2,2,1,1,1,1,1,1,1,1,1,1
CH,GE,2020-03-26,6,2,2,1,1,1,1,1,1,1,1,1,1
CH,GE,2020-03-27,6,2,2,1,1,1,1,1,1,1,1,1,1
CH,GE,2020-03-28,6,2,2,1,1,1,1,1,1,1,1,1,1
CH,GE,2020-03-29,6,2,2,1,1,1,1,1,1,1,1,1,1
CH,GE,2020-03-30,6,2,2,1,1,1,1,1,1,1,1,1,1
CH,GE,2020-03-31,6,2,2,1,1,1,1,1,1,1,1,1,1
CH,GE,2020-04-01,6,2,2,1,1,1,1,1,1,1,1,1,1
CH,GE,2020-04-02,6,2,2,1,1,1,1,1,1,1,1,1,1
CH,GE,2020-04-03,6,2,2,1,1,1,1,1,1,1,1,1,1
CH,GE,2020-04-04,6,2,2,1,1,1,1,1,1,1,1,1,1
CH,GE,2020-04-05,6,2,2,1,1,1,1,1,1,1,1,1,1
CH,GE,2020-04-06,6,2,2,1,1,1,1,1,1,1,1,1,1
CH,GE,2020-04-07,,,,,,,,,,,,,
CH,GE,2020-04-08,,,,,,,,,,,,,
CH,GE,2020-04-09,,,,,,,,,,,,,
CH,GE,2020-04-10,,,,,,,,,,,,,
CH,GE,2020-04-11,,,,,,,,,,,,,
CH,GE,2020-04-12,,,,,,,,,,,,,
CH,GE,2020-04-13,,,,,,,,,,,,,
CH,GE,2020-04-14,,,,,,,,,,,,,
CH,GE,2020-04-15,,,,,,,,,,,,,
CH,GE,2020-04-16,,,,,,,,,,,,,
CH,GE,2020-04-17,,,,,,,,,,,,,
CH,GE,2020-04-18,,,,,,,,,,,,,
CH,GL,2020-01-29,0,0,0,0,0,0,0,0,0,0,0,0,0
CH,GL,2020-01-30,0,0,0,0,0,0,0,0,0,0,0,0,0
CH,GL,2020-01-31,0,0,0,0,0,0,0,0,0,0,0,0,0
CH,GL,2020-02-01,0,0,0,0,0,0,0,0,0,0,0,0,0
CH,GL,2020-02-02,0,0,0,0,0,0,0,0,0,0,0,0,0
CH,GL,2020-02-03,0,0,0,0,0,0,0,0,0,0,0,0,0
CH,GL,2020-02-04,0,0,0,0,0,0,0,0,0,0,0,0,0
CH,GL,2020-02-05,0,0,0,0,0,0,0,0,0,0,0,0,0
CH,GL,2020-02-06,0,0,0,0,0,0,0,0,0,0,0,0,0
CH,GL,2020-02-07,0,0,0,0,0,0,0,0,0,0,0,0,0
CH,GL,2020-02-08,0,0,0,0,0,0,0,0,0,0,0,0,0
CH,GL,2020-02-09,0,0,0,0,0,0,0,0,0,0,0,0,0
CH,GL,2020-02-10,0,0,0,0,0,0,0,0,0,0,0,0,0
CH,GL,2020-02-11,0,0,0,0,0,0,0,0,0,0,0,0,0
CH,GL,2020-02-12,0,0,0,0,0,0,0,0,0,0,0,0,0
CH,GL,2020-02-13,0,0,0,0,0,0,0,0,0,0,0,0,0
CH,GL,2020-02-14,0,0,0,0,0,0,0,0,0,0,0,0,0
CH,GL,2020-02-15,0,0,0,0,0,0,0,0,0,0,0,0,0
CH,GL,2020-02-16,0,0,0,0,0,0,0,0,0,0,0,0,0
CH,GL,2020-02-17,0,0,0,0,0,0,0,0,0,0,0,0,0
CH,GL,2020-02-18,0,0,0,0,0,0,0,0,0,0,0,0,0
CH,GL,2020-02-19,0,0,0,0,0,0,0,0,0,0,0,0,0
CH,GL,2020-02-20,0,0,0,0,0,0,0,0,0,0,0,0,0
CH,GL,2020-02-21,0,0,0,0,0,0,0,0,0,0,0,0,0
CH,GL,2020-02-22,0,0,0,0,0,0,0,0,0,0,0,0,0
CH,GL,2020-02-23,0,0,0,0,0,0,0,0,0,0,0,0,0
CH,GL,2020-02-24,0,0,0,0,0,0,0,0,0,0,0,0,0
CH,GL,2020-02-25,0,0,0,0,0,0,0,0,0,0,0,0,0
CH,GL,2020-02-26,0,0,0,0,0,0,0,0,0,0,0,0,0
CH,GL,2020-02-27,0,0,0,0,0,0,0,0,0,0,0,0,1
CH,GL,2020-02-28,1,0,0,0,0,0,0,0,0,0,0,0,1
CH,GL,2020-02-29,1,0,0,0,0,0,0,0,0,0,0,0,1
CH,GL,2020-03-01,1,0,0,0,0,0,0,0,0,0,0,0,1
CH,GL,2020-03-02,1,0,0,0,0,0,0,0,0,0,0,0,1
CH,GL,2020-03-03,1,0,0,0,0,0,0,0,0,0,0,0,1
CH,GL,2020-03-04,1,0,0,0,0,0,0,0,0,0,0,0,1
CH,GL,2020-03-05,1,0,0,0,0,0,0,0,0,0,0,0,1
CH,GL,2020-03-06,1,0,0,0,0,0,0,0,0,0,0,0,1
CH,GL,2020-03-07,1,0,0,0,0,0,0,0,0,0,0,0,1
CH,GL,2020-03-08,1,0,0,0,0,0,0,0,0,0,0,0,1
CH,GL,2020-03-09,1,0,0,0,0,0,0,0,0,0,0,0,1
CH,GL,2020-03-10,1,0,0,0,0,0,0,0,0,0,0,1,1
CH,GL,2020-03-11,1,0,0,0,0,0,0,0,0,0,0,1,1
CH,GL,2020-03-12,1,0,0,0,0,0,0,0,0,0,0,1,1
CH,GL,2020-03-13,3,0,1,0,1,0,0,0,0,1,0,1,1
CH,GL,2020-03-14,3,2,1,0,1,0,0,0,0,1,0,1,1
CH,GL,2020-03-15,3,2,1,0,1,0,0,0,0,1,0,1,1
CH,GL,2020-03-16,3,2,2,0,1,0,1,1,0,1,1,1,1
CH,GL,2020-03-17,3,2,2,1,1,0,1,1,1,1,1,1,1
CH,GL,2020-03-18,3,2,2,1,1,0,1,1,1,1,1,1,1
CH,GL,2020-03-19,3,2,2,1,1,0,1,1,1,1,1,1,1
CH,GL,2020-03-20,6,2,2,1,1,0,1,1,1,1,1,1,1
CH,GL,2020-03-21,6,2,2,1,1,0,1,1,1,1,1,1,1
CH,GL,2020-03-22,6,2,2,1,1,0,1,1,1,1,1,1,1
CH,GL,2020-03-23,6,2,2,1,1,0,1,1,1,1,1,1,1
CH,GL,2020-03-24,6,2,2,1,1,0,1,1,1,1,1,1,1
CH,GL,2020-03-25,6,2,2,1,1,0,1,1,1,1,1,1,1
CH,GL,2020-03-26,6,2,2,1,1,0,1,1,1,1,1,1,1
CH,GL,2020-03-27,6,2,2,1,1,0,1,1,1,1,1,1,1
CH,GL,2020-03-28,6,2,2,1,1,0,1,1,1,1,1,1,1
CH,GL,2020-03-29,6,2,2,1,1,0,1,1,1,1,1,1,1
CH,GL,2020-03-30,6,2,2,1,1,0,1,1,1,1,1,1,1
CH,GL,2020-03-31,6,2,2,1,1,0,1,1,1,1,1,1,1
CH,GL,2020-04-01,6,2,2,1,1,0,1,1,1,1,1,1,1
CH,GL,2020-04-02,6,2,2,1,1,0,1,1,1,1,1,1,1
CH,GL,2020-04-03,6,2,2,1,1,0,1,1,1,1,1,1,1
CH,GL,2020-04-04,6,2,2,1,1,0,1,1,1,1,1,1,1
CH,GL,2020-04-05,6,2,2,1,1,0,1,1,1,1,1,1,1
CH,GL,2020-04-06,6,2,2,1,1,0,1,1,1,1,1,1,1
CH,GL,2020-04-07,,,,,,,,,,,,,
CH,GL,2020-04-08,,,,,,,,,,,,,
CH,GL,2020-04-09,,,,,,,,,,,,,
CH,GL,2020-04-10,,,,,,,,,,,,,
CH,GL,2020-04-11,,,,,,,,,,,,,
CH,GL,2020-04-12,,,,,,,,,,,,,
CH,GL,2020-04-13,,,,,,,,,,,,,
CH,GL,2020-04-14,,,,,,,,,,,,,
CH,GL,2020-04-15,,,,,,,,,,,,,
CH,GL,2020-04-16,,,,,,,,,,,,,
CH,GL,2020-04-17,,,,,,,,,,,,,
CH,GL,2020-04-18,,,,,,,,,,,,,
CH,GR,2020-01-29,0,0,0,0,0,0,0,0,0,0,0,0,0
CH,GR,2020-01-30,0,0,0,0,0,0,0,0,0,0,0,0,0
CH,GR,2020-01-31,0,0,0,0,0,0,0,0,0,0,0,0,0
CH,GR,2020-02-01,0,0,0,0,0,0,0,0,0,0,0,0,0
CH,GR,2020-02-02,0,0,0,0,0,0,0,0,0,0,0,0,0
CH,GR,2020-02-03,0,0,0,0,0,0,0,0,0,0,0,0,0
CH,GR,2020-02-04,0,0,0,0,0,0,0,0,0,0,0,0,0
CH,GR,2020-02-05,0,0,0,0,0,0,0,0,0,0,0,0,0
CH,GR,2020-02-06,0,0,0,0,0,0,0,0,0,0,0,0,0
CH,GR,2020-02-07,0,0,0,0,0,0,0,0,0,0,0,0,0
CH,GR,2020-02-08,0,0,0,0,0,0,0,0,0,0,0,0,0
CH,GR,2020-02-09,0,0,0,0,0,0,0,0,0,0,0,0,0
CH,GR,2020-02-10,0,0,0,0,0,0,0,0,0,0,0,0,0
CH,GR,2020-02-11,0,0,0,0,0,0,0,0,0,0,0,0,0
CH,GR,2020-02-12,0,0,0,0,0,0,0,0,0,0,0,0,0
CH,GR,2020-02-13,0,0,0,0,0,0,0,0,0,0,0,0,0
CH,GR,2020-02-14,0,0,0,0,0,0,0,0,0,0,0,0,0
CH,GR,2020-02-15,0,0,0,0,0,0,0,0,0,0,0,0,0
CH,GR,2020-02-16,0,0,0,0,0,0,0,0,0,0,0,0,0
CH,GR,2020-02-17,0,0,0,0,0,0,0,0,0,0,0,0,0
CH,GR,2020-02-18,0,0,0,0,0,0,0,0,0,0,0,0,0
CH,GR,2020-02-19,0,0,0,0,0,0,0,0,0,0,0,0,0
CH,GR,2020-02-20,0,0,0,0,0,0,0,0,0,0,0,0,0
CH,GR,2020-02-21,0,0,0,0,0,0,0,0,0,0,0,0,0
CH,GR,2020-02-22,0,0,0,0,0,0,0,0,0,0,0,0,0
CH,GR,2020-02-23,0,0,0,0,0,0,0,0,0,0,0,0,0
CH,GR,2020-02-24,0,0,0,0,0,0,0,0,0,0,0,0,0
CH,GR,2020-02-25,0,0,0,0,0,0,0,0,0,0,0,0,0
CH,GR,2020-02-26,0,0,0,0,0,0,0,0,0,0,0,1,0
CH,GR,2020-02-27,0,0,0,0,0,0,0,0,0,0,0,1,1
CH,GR,2020-02-28,1,0,0,0,0,0,0,0,0,0,0,1,1
CH,GR,2020-02-29,1,0,0,0,0,0,0,0,0,0,0,1,1
CH,GR,2020-03-01,1,0,0,0,0,0,0,0,0,0,0,1,1
CH,GR,2020-03-02,1,0,0,0,0,0,0,0,0,0,0,1,1
CH,GR,2020-03-03,1,0,0,0,0,0,0,0,0,0,0,1,1
CH,GR,2020-03-04,1,0,0,0,0,0,0,0,0,0,0,1,1
CH,GR,2020-03-05,1,0,0,0,0,0,0,0,0,0,0,1,1
CH,GR,2020-03-06,1,0,0,0,0,0,0,0,0,0,0,1,1
CH,GR,2020-03-07,1,0,0,0,0,0,0,0,0,0,0,1,1
CH,GR,2020-03-08,1,0,0,0,0,0,0,0,0,0,0,1,1
CH,GR,2020-03-09,1,0,0,0,0,0,0,0,0,0,0,1,1
CH,GR,2020-03-10,1,0,0,0,0,0,0,0,0,0,0,1,1
CH,GR,2020-03-11,1,0,0,0,0,0,0,0,0,0,0,1,1
CH,GR,2020-03-12,1,0,0,0,0,0,0,0,0,0,0,1,1
CH,GR,2020-03-13,3,0,1,0,1,0,0,0,0,0,0,1,1
CH,GR,2020-03-14,4,2,2,0,1,0,0,0,0,0,0,1,1
CH,GR,2020-03-15,4,2,2,0,1,0,0,0,0,0,0,1,1
CH,GR,2020-03-16,4,2,2,1,1,0,1,1,0,0,1,1,1
CH,GR,2020-03-17,4,2,2,1,1,0,1,1,0,0,1,1,1
CH,GR,2020-03-18,4,2,2,1,1,0,1,1,0,0,1,1,1
CH,GR,2020-03-19,4,2,2,1,1,0,1,1,0,1,1,1,1
CH,GR,2020-03-20,6,2,2,1,1,0,1,1,0,1,1,1,1
CH,GR,2020-03-21,6,2,2,1,1,0,1,1,0,1,1,1,1
CH,GR,2020-03-22,6,2,2,1,1,0,1,1,0,1,1,1,1
CH,GR,2020-03-23,6,2,2,1,1,0,1,1,0,1,1,1,1
CH,GR,2020-03-24,6,2,2,1,1,0,1,1,0,1,1,1,1
CH,GR,2020-03-25,6,2,2,1,1,0,1,1,0,1,1,1,1
CH,GR,2020-03-26,6,2,2,1,1,0,1,1,0,1,1,1,1
CH,GR,2020-03-27,6,2,2,1,1,0,1,1,0,1,1,1,1
CH,GR,2020-03-28,6,2,2,1,1,0,1,1,0,1,1,1,1
CH,GR,2020-03-29,6,2,2,1,1,0,1,1,0,1,1,1,1
CH,GR,2020-03-30,6,2,2,1,1,0,1,1,0,1,1,1,1
CH,GR,2020-03-31,6,2,2,1,1,0,1,1,0,1,1,1,1
CH,GR,2020-04-01,6,2,2,1,1,0,1,1,0,1,1,1,1
CH,GR,2020-04-02,6,2,2,1,1,0,1,1,0,1,1,1,1
CH,GR,2020-04-03,6,2,2,1,1,0,1,1,0,1,1,1,1
CH,GR,2020-04-04,6,2,2,1,1,0,1,1,0,1,1,1,1
CH,GR,2020-04-05,6,2,2,1,1,0,1,1,0,1,1,1,1
CH,GR,2020-04-06,6,2,2,1,1,0,1,1,0,1,1,1,1
CH,GR,2020-04-07,,,,,,,,,,,,,
CH,GR,2020-04-08,,,,,,,,,,,,,
CH,GR,2020-04-09,,,,,,,,,,,,,
CH,GR,2020-04-10,,,,,,,,,,,,,
CH,GR,2020-04-11,,,,,,,,,,,,,
CH,GR,2020-04-12,,,,,,,,,,,,,
CH,GR,2020-04-13,,,,,,,,,,,,,
CH,GR,2020-04-14,,,,,,,,,,,,,
CH,GR,2020-04-15,,,,,,,,,,,,,
CH,GR,2020-04-16,,,,,,,,,,,,,
CH,GR,2020-04-17,,,,,,,,,,,,,
CH,GR,2020-04-18,,,,,,,,,,,,,
CH,JU,2020-01-29,0,0,0,0,0,0,0,0,0,0,0,0,0
CH,JU,2020-01-30,0,0,0,0,0,0,0,0,0,0,0,0,0
CH,JU,2020-01-31,0,0,0,0,0,0,0,0,0,0,0,0,0
CH,JU,2020-02-01,0,0,0,0,0,0,0,0,0,0,0,0,0
CH,JU,2020-02-02,0,0,0,0,0,0,0,0,0,0,0,0,0
CH,JU,2020-02-03,0,0,0,0,0,0,0,0,0,0,0,0,0
CH,JU,2020-02-04,0,0,0,0,0,0,0,0,0,0,0,0,0
CH,JU,2020-02-05,0,0,0,0,0,0,0,0,0,0,0,0,0
CH,JU,2020-02-06,0,0,0,0,0,0,0,0,0,0,0,0,0
CH,JU,2020-02-07,0,0,0,0,0,0,0,0,0,0,0,0,0
CH,JU,2020-02-08,0,0,0,0,0,0,0,0,0,0,0,0,0
CH,JU,2020-02-09,0,0,0,0,0,0,0,0,0,0,0,0,0
CH,JU,2020-02-10,0,0,0,0,0,0,0,0,0,0,0,0,0
CH,JU,2020-02-11,0,0,0,0,0,0,0,0,0,0,0,0,0
CH,JU,2020-02-12,0,0,0,0,0,0,0,0,0,0,0,0,0
CH,JU,2020-02-13,0,0,0,0,0,0,0,0,0,0,0,0,0
CH,JU,2020-02-14,0,0,0,0,0,0,0,0,0,0,0,0,0
CH,JU,2020-02-15,0,0,0,0,0,0,0,0,0,0,0,0,0
CH,JU,2020-02-16,0,0,0,0,0,0,0,0,0,0,0,0,0
CH,JU,2020-02-17,0,0,0,0,0,0,0,0,0,0,0,0,0
CH,JU,2020-02-18,0,0,0,0,0,0,0,0,0,0,0,0,0
CH,JU,2020-02-19,0,0,0,0,0,0,0,0,0,0,0,0,0
CH,JU,2020-02-20,0,0,0,0,0,0,0,0,0,0,0,0,0
CH,JU,2020-02-21,0,0,0,0,0,0,0,0,0,0,0,0,0
CH,JU,2020-02-22,0,0,0,0,0,0,0,0,0,0,0,0,0
CH,JU,2020-02-23,0,0,0,0,0,0,0,0,0,0,0,0,0
CH,JU,2020-02-24,0,0,0,0,0,0,0,0,0,0,0,0,0
CH,JU,2020-02-25,0,0,0,0,0,0,0,0,0,0,0,0,0
CH,JU,2020-02-26,0,0,0,0,0,0,0,0,0,0,0,0,0
CH,JU,2020-02-27,0,0,0,0,0,0,0,0,0,0,0,0,1
CH,JU,2020-02-28,1,0,0,0,0,0,0,0,0,0,0,0,1
CH,JU,2020-02-29,1,0,0,0,0,0,0,0,0,0,0,0,1
CH,JU,2020-03-01,1,0,0,0,0,0,0,0,0,0,0,0,1
CH,JU,2020-03-02,1,0,0,0,0,0,0,0,0,0,0,0,1
CH,JU,2020-03-03,1,0,0,0,0,0,0,0,0,0,0,0,1
CH,JU,2020-03-04,1,0,0,0,0,0,0,0,0,0,0,0,1
CH,JU,2020-03-05,1,0,0,0,0,0,0,0,0,0,0,1,1
CH,JU,2020-03-06,1,0,0,0,0,0,0,0,0,0,0,1,1
CH,JU,2020-03-07,1,0,0,0,0,0,0,0,0,0,0,1,1
CH,JU,2020-03-08,1,0,0,0,0,0,0,0,0,0,0,1,1
CH,JU,2020-03-09,1,0,0,0,0,0,0,0,0,0,0,1,1
CH,JU,2020-03-10,1,0,0,0,0,0,0,0,0,0,0,1,1
CH,JU,2020-03-11,1,0,0,0,0,0,0,0,0,0,0,1,1
CH,JU,2020-03-12,1,2,0,0,0,0,0,0,0,0,0,1,1
CH,JU,2020-03-13,3,2,1,0,1,0,0,0,0,0,0,1,1
CH,JU,2020-03-14,3,2,1,0,1,0,0,0,0,0,0,1,1
CH,JU,2020-03-15,3,2,1,0,1,0,0,0,0,0,0,1,1
CH,JU,2020-03-16,4,2,2,0,1,1,1,1,1,0,1,1,1
CH,JU,2020-03-17,6,2,2,1,1,1,1,1,1,0,1,1,1
CH,JU,2020-03-18,6,2,2,1,1,1,1,1,1,0,1,1,1
CH,JU,2020-03-19,6,2,2,1,1,1,1,1,1,1,1,1,1
CH,JU,2020-03-20,6,2,2,1,1,1,1,1,1,1,1,1,1
CH,JU,2020-03-21,6,2,2,1,1,1,1,1,1,1,1,1,1
CH,JU,2020-03-22,6,2,2,1,1,1,1,1,1,1,1,1,1
CH,JU,2020-03-23,6,2,2,1,1,1,1,1,1,1,1,1,1
CH,JU,2020-03-24,6,2,2,1,1,1,1,1,1,1,1,1,1
CH,JU,2020-03-25,6,2,2,1,1,1,1,1,1,1,1,1,1
CH,JU,2020-03-26,6,2,2,1,1,1,1,1,1,1,1,1,1
CH,JU,2020-03-27,6,2,2,1,1,1,1,1,1,1,1,1,1
CH,JU,2020-03-28,6,2,2,1,1,1,1,1,1,1,1,1,1
CH,JU,2020-03-29,6,2,2,1,1,1,1,1,1,1,1,1,1
CH,JU,2020-03-30,6,2,2,1,1,1,1,1,1,1,1,1,1
CH,JU,2020-03-31,6,2,2,1,1,1,1,1,1,1,1,1,1
CH,JU,2020-04-01,6,2,2,1,1,1,1,1,1,1,1,1,1
CH,JU,2020-04-02,6,2,2,1,1,1,1,1,1,1,1,1,1
CH,JU,2020-04-03,6,2,2,1,1,1,1,1,1,1,1,1,1
CH,JU,2020-04-04,6,2,2,1,1,1,1,1,1,1,1,1,1
CH,JU,2020-04-05,6,2,2,1,1,1,1,1,1,1,1,1,1
CH,JU,2020-04-06,6,2,2,1,1,1,1,1,1,1,1,1,1
CH,JU,2020-04-07,,,,,,,,,,,,,
CH,JU,2020-04-08,,,,,,,,,,,,,
CH,JU,2020-04-09,,,,,,,,,,,,,
CH,JU,2020-04-10,,,,,,,,,,,,,
CH,JU,2020-04-11,,,,,,,,,,,,,
CH,JU,2020-04-12,,,,,,,,,,,,,
CH,JU,2020-04-13,,,,,,,,,,,,,
CH,JU,2020-04-14,,,,,,,,,,,,,
CH,JU,2020-04-15,,,,,,,,,,,,,
CH,JU,2020-04-16,,,,,,,,,,,,,
CH,JU,2020-04-17,,,,,,,,,,,,,
CH,JU,2020-04-18,,,,,,,,,,,,,
CH,LU,2020-01-29,0,0,0,0,0,0,0,0,0,0,0,0,0
CH,LU,2020-01-30,0,0,0,0,0,0,0,0,0,0,0,0,0
CH,LU,2020-01-31,0,0,0,0,0,0,0,0,0,0,0,0,0
CH,LU,2020-02-01,0,0,0,0,0,0,0,0,0,0,0,0,0
CH,LU,2020-02-02,0,0,0,0,0,0,0,0,0,0,0,0,0
CH,LU,2020-02-03,0,0,0,0,0,0,0,0,0,0,0,0,0
CH,LU,2020-02-04,0,0,0,0,0,0,0,0,0,0,0,0,0
CH,LU,2020-02-05,0,0,0,0,0,0,0,0,0,0,0,0,0
CH,LU,2020-02-06,0,0,0,0,0,0,0,0,0,0,0,0,0
CH,LU,2020-02-07,0,0,0,0,0,0,0,0,0,0,0,0,0
CH,LU,2020-02-08,0,0,0,0,0,0,0,0,0,0,0,0,0
CH,LU,2020-02-09,0,0,0,0,0,0,0,0,0,0,0,0,0
CH,LU,2020-02-10,0,0,0,0,0,0,0,0,0,0,0,0,0
CH,LU,2020-02-11,0,0,0,0,0,0,0,0,0,0,0,0,0
CH,LU,2020-02-12,0,0,0,0,0,0,0,0,0,0,0,0,0
CH,LU,2020-02-13,0,0,0,0,0,0,0,0,0,0,0,0,0
CH,LU,2020-02-14,0,0,0,0,0,0,0,0,0,0,0,0,0
CH,LU,2020-02-15,0,0,0,0,0,0,0,0,0,0,0,0,0
CH,LU,2020-02-16,0,0,0,0,0,0,0,0,0,0,0,0,0
CH,LU,2020-02-17,0,0,0,0,0,0,0,0,0,0,0,0,0
CH,LU,2020-02-18,0,0,0,0,0,0,0,0,0,0,0,0,0
CH,LU,2020-02-19,0,0,0,0,0,0,0,0,0,0,0,0,0
CH,LU,2020-02-20,0,0,0,0,0,0,0,0,0,0,0,0,0
CH,LU,2020-02-21,0,0,0,0,0,0,0,0,0,0,0,0,0
CH,LU,2020-02-22,0,0,0,0,0,0,0,0,0,0,0,0,0
CH,LU,2020-02-23,0,0,0,0,0,0,0,0,0,0,0,0,0
CH,LU,2020-02-24,0,0,0,0,0,0,0,0,0,0,0,0,0
CH,LU,2020-02-25,0,0,0,0,0,0,0,0,0,0,0,0,0
CH,LU,2020-02-26,0,0,0,0,0,0,0,0,0,0,0,0,0
CH,LU,2020-02-27,0,0,0,0,0,0,0,0,0,0,0,0,1
CH,LU,2020-02-28,1,0,0,0,0,0,0,0,0,0,0,0,1
CH,LU,2020-02-29,1,0,0,0,0,0,0,0,0,0,0,0,1
CH,LU,2020-03-01,1,0,0,0,0,0,0,0,0,0,0,0,1
CH,LU,2020-03-02,1,0,0,0,0,0,0,0,0,0,0,0,1
CH,LU,2020-03-03,1,0,0,0,0,0,0,0,0,0,0,0,1
CH,LU,2020-03-04,1,0,0,0,0,0,0,0,0,0,0,0,1
CH,LU,2020-03-05,1,0,0,0,0,0,0,0,0,0,0,1,1
CH,LU,2020-03-06,1,0,0,0,0,0,0,0,0,0,0,1,1
CH,LU,2020-03-07,1,0,0,0,0,0,0,0,0,0,0,1,1
CH,LU,2020-03-08,1,0,0,0,0,0,0,0,0,0,0,1,1
CH,LU,2020-03-09,1,0,0,0,0,0,0,0,0,0,0,1,1
CH,LU,2020-03-10,1,0,0,0,0,0,0,0,0,0,0,1,1
CH,LU,2020-03-11,1,0,0,0,0,0,0,0,0,0,0,1,1
CH,LU,2020-03-12,1,0,0,0,0,0,0,0,0,0,0,1,1
CH,LU,2020-03-13,3,0,1,0,1,0,0,0,0,0,0,1,1
CH,LU,2020-03-14,3,0,1,0,1,0,0,0,0,0,0,1,1
CH,LU,2020-03-15,3,0,1,0,1,0,0,0,0,0,0,1,1
CH,LU,2020-03-16,3,0,1,0,1,0,1,1,0,0,1,1,1
CH,LU,2020-03-17,3,2,2,1,1,0,1,1,0,0,1,1,1
CH,LU,2020-03-18,3,2,2,1,1,0,1,1,0,0,1,1,1
CH,LU,2020-03-19,3,2,2,1,1,0,1,1,0,1,1,1,1
CH,LU,2020-03-20,6,2,2,1,1,0,1,1,0,1,1,1,1
CH,LU,2020-03-21,6,2,2,1,1,0,1,1,0,1,1,1,1
CH,LU,2020-03-22,6,2,2,1,1,0,1,1,0,1,1,1,1
CH,LU,2020-03-23,6,2,2,1,1,0,1,1,0,1,1,1,1
CH,LU,2020-03-24,6,2,2,1,1,0,1,1,0,1,1,1,1
CH,LU,2020-03-25,6,2,2,1,1,0,1,1,0,1,1,1,1
CH,LU,2020-03-26,6,2,2,1,1,0,1,1,0,1,1,1,1
CH,LU,2020-03-27,6,2,2,1,1,0,1,1,0,1,1,1,1
CH,LU,2020-03-28,6,2,2,1,1,0,1,1,0,1,1,1,1
CH,LU,2020-03-29,6,2,2,1,1,0,1,1,0,1,1,1,1
CH,LU,2020-03-30,6,2,2,1,1,0,1,1,0,1,1,1,1
CH,LU,2020-03-31,6,2,2,1,1,0,1,1,0,1,1,1,1
CH,LU,2020-04-01,6,2,2,1,1,0,1,1,0,1,1,1,1
CH,LU,2020-04-02,6,2,2,1,1,0,1,1,0,1,1,1,1
CH,LU,2020-04-03,6,2,2,1,1,0,1,1,0,1,1,1,1
CH,LU,2020-04-04,6,2,2,1,1,0,1,1,0,1,1,1,1
CH,LU,2020-04-05,6,2,2,1,1,0,1,1,0,1,1,1,1
CH,LU,2020-04-06,6,2,2,1,1,0,1,1,0,1,1,1,1
CH,LU,2020-04-07,,,,,,,,,,,,,
CH,LU,2020-04-08,,,,,,,,,,,,,
CH,LU,2020-04-09,,,,,,,,,,,,,
CH,LU,2020-04-10,,,,,,,,,,,,,
CH,LU,2020-04-11,,,,,,,,,,,,,
CH,LU,2020-04-12,,,,,,,,,,,,,
CH,LU,2020-04-13,,,,,,,,,,,,,
CH,LU,2020-04-14,,,,,,,,,,,,,
CH,LU,2020-04-15,,,,,,,,,,,,,
CH,LU,2020-04-16,,,,,,,,,,,,,
CH,LU,2020-04-17,,,,,,,,,,,,,
CH,LU,2020-04-18,,,,,,,,,,,,,
CH,NE,2020-01-29,0,0,0,0,0,0,0,0,0,0,0,0,0
CH,NE,2020-01-30,0,0,0,0,0,0,0,0,0,0,0,0,0
CH,NE,2020-01-31,0,0,0,0,0,0,0,0,0,0,0,0,0
CH,NE,2020-02-01,0,0,0,0,0,0,0,0,0,0,0,0,0
CH,NE,2020-02-02,0,0,0,0,0,0,0,0,0,0,0,0,0
CH,NE,2020-02-03,0,0,0,0,0,0,0,0,0,0,0,0,0
CH,NE,2020-02-04,0,0,0,0,0,0,0,0,0,0,0,0,0
CH,NE,2020-02-05,0,0,0,0,0,0,0,0,0,0,0,0,0
CH,NE,2020-02-06,0,0,0,0,0,0,0,0,0,0,0,0,0
CH,NE,2020-02-07,0,0,0,0,0,0,0,0,0,0,0,0,0
CH,NE,2020-02-08,0,0,0,0,0,0,0,0,0,0,0,0,0
CH,NE,2020-02-09,0,0,0,0,0,0,0,0,0,0,0,0,0
CH,NE,2020-02-10,0,0,0,0,0,0,0,0,0,0,0,0,0
CH,NE,2020-02-11,0,0,0,0,0,0,0,0,0,0,0,0,0
CH,NE,2020-02-12,0,0,0,0,0,0,0,0,0,0,0,0,0
CH,NE,2020-02-13,0,0,0,0,0,0,0,0,0,0,0,0,0
CH,NE,2020-02-14,0,0,0,0,0,0,0,0,0,0,0,0,0
CH,NE,2020-02-15,0,0,0,0,0,0,0,0,0,0,0,0,0
CH,NE,2020-02-16,0,0,0,0,0,0,0,0,0,0,0,0,0
CH,NE,2020-02-17,0,0,0,0,0,0,0,0,0,0,0,0,0
CH,NE,2020-02-18,0,0,0,0,0,0,0,0,0,0,0,0,0
CH,NE,2020-02-19,0,0,0,0,0,0,0,0,0,0,0,0,0
CH,NE,2020-02-20,0,0,0,0,0,0,0,0,0,0,0,0,0
CH,NE,2020-02-21,0,0,0,0,0,0,0,0,0,0,0,0,0
CH,NE,2020-02-22,0,0,0,0,0,0,0,0,0,0,0,0,0
CH,NE,2020-02-23,0,0,0,0,0,0,0,0,0,0,0,0,0
CH,NE,2020-02-24,0,0,0,0,0,0,0,0,0,0,0,0,0
CH,NE,2020-02-25,0,0,0,0,0,0,0,0,0,0,0,0,0
CH,NE,2020-02-26,0,0,0,0,0,0,0,0,0,0,0,1,0
CH,NE,2020-02-27,0,0,0,0,0,0,0,0,0,0,0,1,1
CH,NE,2020-02-28,1,0,0,0,0,0,0,0,0,0,0,1,1
CH,NE,2020-02-29,1,0,0,0,0,0,0,0,0,0,0,1,1
CH,NE,2020-03-01,1,0,0,0,0,0,0,0,0,0,0,1,1
CH,NE,2020-03-02,1,0,0,0,0,0,0,0,0,0,0,1,1
CH,NE,2020-03-03,1,0,0,0,0,0,0,0,0,0,0,1,1
CH,NE,2020-03-04,2,0,0,0,0,0,0,0,0,0,0,1,1
CH,NE,2020-03-05,2,0,0,0,0,0,0,0,0,0,0,1,1
CH,NE,2020-03-06,2,0,0,0,0,0,0,0,0,0,0,1,1
CH,NE,2020-03-07,2,0,0,0,0,0,0,0,0,0,0,1,1
CH,NE,2020-03-08,2,0,0,0,0,0,0,0,0,0,0,1,1
CH,NE,2020-03-09,2,0,0,0,0,0,0,0,0,0,0,1,1
CH,NE,2020-03-10,2,0,0,0,0,0,0,0,0,0,0,1,1
CH,NE,2020-03-11,2,0,0,0,0,0,0,0,0,0,0,1,1
CH,NE,2020-03-12,2,0,0,0,0,0,0,0,0,0,0,1,1
CH,NE,2020-03-13,3,0,1,0,1,0,0,0,0,0,0,1,1
CH,NE,2020-03-14,3,0,1,0,1,0,0,0,0,0,0,1,1
CH,NE,2020-03-15,6,0,2,0,1,0,0,0,0,0,0,1,1
CH,NE,2020-03-16,6,0,2,0,1,1,1,1,1,0,1,1,1
CH,NE,2020-03-17,6,0,2,1,1,1,1,1,1,0,1,1,1
CH,NE,2020-03-18,6,0,2,1,1,1,1,1,1,0,1,1,1
CH,NE,2020-03-19,6,0,2,1,1,1,1,1,1,1,1,1,1
CH,NE,2020-03-20,6,0,2,1,1,1,1,1,1,1,1,1,1
CH,NE,2020-03-21,6,0,2,1,1,1,1,1,1,1,1,1,1
CH,NE,2020-03-22,6,0,2,1,1,1,1,1,1,1,1,1,1
CH,NE,2020-03-23,6,0,2,1,1,1,1,1,1,1,1,1,1
CH,NE,2020-03-24,6,0,2,1,1,1,1,1,1,1,1,1,1
CH,NE,2020-03-25,6,0,2,1,1,1,1,1,1,1,1,1,1
CH,NE,2020-03-26,6,0,2,1,1,1,1,1,1,1,1,1,1
CH,NE,2020-03-27,6,0,2,1,1,1,1,1,1,1,1,1,1
CH,NE,2020-03-28,6,0,2,1,1,1,1,1,1,1,1,1,1
CH,NE,2020-03-29,6,0,2,1,1,1,1,1,1,1,1,1,1
CH,NE,2020-03-30,6,0,2,1,1,1,1,1,1,1,1,1,1
CH,NE,2020-03-31,6,0,2,1,1,1,1,1,1,1,1,1,1
CH,NE,2020-04-01,6,1,2,1,1,1,1,1,1,1,1,1,1
CH,NE,2020-04-02,6,1,2,1,1,1,1,1,1,1,1,1,1
CH,NE,2020-04-03,6,1,2,1,1,1,1,1,1,1,1,1,1
CH,NE,2020-04-04,6,1,2,1,1,1,1,1,1,1,1,1,1
CH,NE,2020-04-05,6,1,2,1,1,1,1,1,1,1,1,1,1
CH,NE,2020-04-06,6,1,2,1,1,1,1,1,1,1,1,1,1
CH,NE,2020-04-07,,,,,,,,,,,,,
CH,NE,2020-04-08,,,,,,,,,,,,,
CH,NE,2020-04-09,,,,,,,,,,,,,
CH,NE,2020-04-10,,,,,,,,,,,,,
CH,NE,2020-04-11,,,,,,,,,,,,,
CH,NE,2020-04-12,,,,,,,,,,,,,
CH,NE,2020-04-13,,,,,,,,,,,,,
CH,NE,2020-04-14,,,,,,,,,,,,,
CH,NE,2020-04-15,,,,,,,,,,,,,
CH,NE,2020-04-16,,,,,,,,,,,,,
CH,NE,2020-04-17,,,,,,,,,,,,,
CH,NE,2020-04-18,,,,,,,,,,,,,
CH,NW,2020-01-29,0,0,0,0,0,0,0,0,0,0,0,0,0
CH,NW,2020-01-30,0,0,0,0,0,0,0,0,0,0,0,0,0
CH,NW,2020-01-31,0,0,0,0,0,0,0,0,0,0,0,0,0
CH,NW,2020-02-01,0,0,0,0,0,0,0,0,0,0,0,0,0
CH,NW,2020-02-02,0,0,0,0,0,0,0,0,0,0,0,0,0
CH,NW,2020-02-03,0,0,0,0,0,0,0,0,0,0,0,0,0
CH,NW,2020-02-04,0,0,0,0,0,0,0,0,0,0,0,0,0
CH,NW,2020-02-05,0,0,0,0,0,0,0,0,0,0,0,0,0
CH,NW,2020-02-06,0,0,0,0,0,0,0,0,0,0,0,0,0
CH,NW,2020-02-07,0,0,0,0,0,0,0,0,0,0,0,0,0
CH,NW,2020-02-08,0,0,0,0,0,0,0,0,0,0,0,0,0
CH,NW,2020-02-09,0,0,0,0,0,0,0,0,0,0,0,0,0
CH,NW,2020-02-10,0,0,0,0,0,0,0,0,0,0,0,0,0
CH,NW,2020-02-11,0,0,0,0,0,0,0,0,0,0,0,0,0
CH,NW,2020-02-12,0,0,0,0,0,0,0,0,0,0,0,0,0
CH,NW,2020-02-13,0,0,0,0,0,0,0,0,0,0,0,0,0
CH,NW,2020-02-14,0,0,0,0,0,0,0,0,0,0,0,0,0
CH,NW,2020-02-15,0,0,0,0,0,0,0,0,0,0,0,0,0
CH,NW,2020-02-16,0,0,0,0,0,0,0,0,0,0,0,0,0
CH,NW,2020-02-17,0,0,0,0,0,0,0,0,0,0,0,0,0
CH,NW,2020-02-18,0,0,0,0,0,0,0,0,0,0,0,0,0
CH,NW,2020-02-19,0,0,0,0,0,0,0,0,0,0,0,0,0
CH,NW,2020-02-20,0,0,0,0,0,0,0,0,0,0,0,0,0
CH,NW,2020-02-21,0,0,0,0,0,0,0,0,0,0,0,0,0
CH,NW,2020-02-22,0,0,0,0,0,0,0,0,0,0,0,0,0
CH,NW,2020-02-23,0,0,0,0,0,0,0,0,0,0,0,0,0
CH,NW,2020-02-24,0,0,0,0,0,0,0,0,0,0,0,0,0
CH,NW,2020-02-25,0,0,0,0,0,0,0,0,0,0,0,0,0
CH,NW,2020-02-26,0,0,0,0,0,0,0,0,0,0,0,0,0
CH,NW,2020-02-27,0,0,0,0,0,0,0,0,0,0,0,0,1
CH,NW,2020-02-28,1,0,0,0,0,0,0,0,0,0,0,0,1
CH,NW,2020-02-29,1,0,0,0,0,0,0,0,0,0,0,0,1
CH,NW,2020-03-01,1,0,0,0,0,0,0,0,0,0,0,0,1
CH,NW,2020-03-02,1,0,0,0,0,0,0,0,0,0,0,0,1
CH,NW,2020-03-03,3,0,0,0,0,0,0,0,0,0,0,0,1
CH,NW,2020-03-04,3,0,0,0,0,0,0,0,0,0,0,0,1
CH,NW,2020-03-05,3,0,0,0,0,0,0,0,0,0,0,0,1
CH,NW,2020-03-06,3,0,0,0,0,0,0,0,0,0,0,0,1
CH,NW,2020-03-07,3,0,0,0,0,0,0,0,0,0,0,0,1
CH,NW,2020-03-08,3,0,0,0,0,0,0,0,0,0,0,0,1
CH,NW,2020-03-09,3,0,0,0,0,0,0,0,0,0,0,0,1
CH,NW,2020-03-10,3,0,0,0,0,0,0,0,0,0,0,0,1
CH,NW,2020-03-11,3,0,0,0,0,0,0,0,0,0,0,1,1
CH,NW,2020-03-12,3,0,0,0,0,0,0,0,0,0,0,1,1
CH,NW,2020-03-13,3,0,1,1,1,0,0,0,0,0,0,1,1
CH,NW,2020-03-14,3,2,1,1,1,0,0,0,0,0,0,1,1
CH,NW,2020-03-15,3,2,1,1,1,0,0,0,0,0,0,1,1
CH,NW,2020-03-16,3,2,1,1,1,0,1,1,0,0,1,1,1
CH,NW,2020-03-17,3,2,2,1,1,0,1,1,0,0,1,1,1
CH,NW,2020-03-18,3,2,2,1,1,0,1,1,0,0,1,1,1
CH,NW,2020-03-19,3,2,2,1,1,0,1,1,0,1,1,1,1
CH,NW,2020-03-20,6,2,2,1,1,0,1,1,0,1,1,1,1
CH,NW,2020-03-21,6,2,2,1,1,0,1,1,0,1,1,1,1
CH,NW,2020-03-22,6,2,2,1,1,0,1,1,0,1,1,1,1
CH,NW,2020-03-23,6,2,2,1,1,0,1,1,0,1,1,1,1
CH,NW,2020-03-24,6,2,2,1,1,0,1,1,0,1,1,1,1
CH,NW,2020-03-25,6,2,2,1,1,0,1,1,0,1,1,1,1
CH,NW,2020-03-26,6,2,2,1,1,0,1,1,0,1,1,1,1
CH,NW,2020-03-27,6,2,2,1,1,0,1,1,0,1,1,1,1
CH,NW,2020-03-28,6,2,2,1,1,0,1,1,0,1,1,1,1
CH,NW,2020-03-29,6,2,2,1,1,0,1,1,0,1,1,1,1
CH,NW,2020-03-30,6,2,2,1,1,0,1,1,0,1,1,1,1
CH,NW,2020-03-31,6,2,2,1,1,0,1,1,0,1,1,1,1
CH,NW,2020-04-01,6,2,2,1,1,0,1,1,0,1,1,1,1
CH,NW,2020-04-02,6,2,2,1,1,0,1,1,0,1,1,1,1
CH,NW,2020-04-03,6,2,2,1,1,0,1,1,0,1,1,1,1
CH,NW,2020-04-04,6,2,2,1,1,0,1,1,0,1,1,1,1
CH,NW,2020-04-05,6,2,2,1,1,0,1,1,0,1,1,1,1
CH,NW,2020-04-06,6,2,2,1,1,0,1,1,0,1,1,1,1
CH,NW,2020-04-07,,,,,,,,,,,,,
CH,NW,2020-04-08,,,,,,,,,,,,,
CH,NW,2020-04-09,,,,,,,,,,,,,
CH,NW,2020-04-10,,,,,,,,,,,,,
CH,NW,2020-04-11,,,,,,,,,,,,,
CH,NW,2020-04-12,,,,,,,,,,,,,
CH,NW,2020-04-13,,,,,,,,,,,,,
CH,NW,2020-04-14,,,,,,,,,,,,,
CH,NW,2020-04-15,,,,,,,,,,,,,
CH,NW,2020-04-16,,,,,,,,,,,,,
CH,NW,2020-04-17,,,,,,,,,,,,,
CH,NW,2020-04-18,,,,,,,,,,,,,
CH,OW,2020-01-29,0,0,0,0,0,0,0,0,0,0,0,0,0
CH,OW,2020-01-30,0,0,0,0,0,0,0,0,0,0,0,0,0
CH,OW,2020-01-31,0,0,0,0,0,0,0,0,0,0,0,0,0
CH,OW,2020-02-01,0,0,0,0,0,0,0,0,0,0,0,0,0
CH,OW,2020-02-02,0,0,0,0,0,0,0,0,0,0,0,0,0
CH,OW,2020-02-03,0,0,0,0,0,0,0,0,0,0,0,0,0
CH,OW,2020-02-04,0,0,0,0,0,0,0,0,0,0,0,0,0
CH,OW,2020-02-05,0,0,0,0,0,0,0,0,0,0,0,0,0
CH,OW,2020-02-06,0,0,0,0,0,0,0,0,0,0,0,0,0
CH,OW,2020-02-07,0,0,0,0,0,0,0,0,0,0,0,0,0
CH,OW,2020-02-08,0,0,0,0,0,0,0,0,0,0,0,0,0
CH,OW,2020-02-09,0,0,0,0,0,0,0,0,0,0,0,0,0
CH,OW,2020-02-10,0,0,0,0,0,0,0,0,0,0,0,0,0
CH,OW,2020-02-11,0,0,0,0,0,0,0,0,0,0,0,0,0
CH,OW,2020-02-12,0,0,0,0,0,0,0,0,0,0,0,0,0
CH,OW,2020-02-13,0,0,0,0,0,0,0,0,0,0,0,0,0
CH,OW,2020-02-14,0,0,0,0,0,0,0,0,0,0,0,0,0
CH,OW,2020-02-15,0,0,0,0,0,0,0,0,0,0,0,0,0
CH,OW,2020-02-16,0,0,0,0,0,0,0,0,0,0,0,0,0
CH,OW,2020-02-17,0,0,0,0,0,0,0,0,0,0,0,0,0
CH,OW,2020-02-18,0,0,0,0,0,0,0,0,0,0,0,0,0
CH,OW,2020-02-19,0,0,0,0,0,0,0,0,0,0,0,0,0
CH,OW,2020-02-20,0,0,0,0,0,0,0,0,0,0,0,0,0
CH,OW,2020-02-21,0,0,0,0,0,0,0,0,0,0,0,0,0
CH,OW,2020-02-22,0,0,0,0,0,0,0,0,0,0,0,0,0
CH,OW,2020-02-23,0,0,0,0,0,0,0,0,0,0,0,0,0
CH,OW,2020-02-24,0,0,0,0,0,0,0,0,0,0,0,0,0
CH,OW,2020-02-25,0,0,0,0,0,0,0,0,0,0,0,0,0
CH,OW,2020-02-26,0,0,0,0,0,0,0,0,0,0,0,0,0
CH,OW,2020-02-27,0,0,0,0,0,0,0,0,0,0,0,0,1
CH,OW,2020-02-28,1,0,0,0,0,0,0,0,0,0,0,0,1
CH,OW,2020-02-29,1,0,0,0,0,0,0,0,0,0,0,0,1
CH,OW,2020-03-01,1,0,0,0,0,0,0,0,0,0,0,0,1
CH,OW,2020-03-02,1,0,0,0,0,0,0,0,0,0,0,0,1
CH,OW,2020-03-03,1,0,0,0,0,0,0,0,0,0,0,0,1
CH,OW,2020-03-04,1,0,0,0,0,0,0,0,0,0,0,0,1
CH,OW,2020-03-05,1,0,0,0,0,0,0,0,0,0,0,0,1
CH,OW,2020-03-06,1,0,0,0,0,0,0,0,0,0,0,0,1
CH,OW,2020-03-07,1,0,0,0,0,0,0,0,0,0,0,0,1
CH,OW,2020-03-08,1,0,0,0,0,0,0,0,0,0,0,0,1
CH,OW,2020-03-09,1,0,0,0,0,0,0,0,0,0,0,0,1
CH,OW,2020-03-10,1,0,0,0,0,0,0,0,0,0,0,1,1
CH,OW,2020-03-11,1,0,0,0,0,0,0,0,0,0,0,1,1
CH,OW,2020-03-12,1,0,0,0,0,0,0,0,0,0,0,1,1
CH,OW,2020-03-13,3,2,1,0,1,0,0,0,0,0,0,1,1
CH,OW,2020-03-14,3,2,1,0,1,0,0,0,0,0,0,1,1
CH,OW,2020-03-15,3,2,1,0,1,0,0,0,0,0,0,1,1
CH,OW,2020-03-16,3,2,1,0,1,0,1,1,0,0,1,1,1
CH,OW,2020-03-17,3,2,2,1,1,0,1,1,0,0,1,1,1
CH,OW,2020-03-18,3,2,2,1,1,0,1,1,0,0,1,1,1
CH,OW,2020-03-19,3,2,2,1,1,0,1,1,0,1,1,1,1
CH,OW,2020-03-20,6,2,2,1,1,0,1,1,0,1,1,1,1
CH,OW,2020-03-21,6,2,2,1,1,0,1,1,0,1,1,1,1
CH,OW,2020-03-22,6,2,2,1,1,0,1,1,0,1,1,1,1
CH,OW,2020-03-23,6,2,2,1,1,0,1,1,0,1,1,1,1
CH,OW,2020-03-24,6,2,2,1,1,0,1,1,0,1,1,1,1
CH,OW,2020-03-25,6,2,2,1,1,0,1,1,0,1,1,1,1
CH,OW,2020-03-26,6,2,2,1,1,0,1,1,0,1,1,1,1
CH,OW,2020-03-27,6,2,2,1,1,0,1,1,0,1,1,1,1
CH,OW,2020-03-28,6,2,2,1,1,0,1,1,0,1,1,1,1
CH,OW,2020-03-29,6,2,2,1,1,0,1,1,0,1,1,1,1
CH,OW,2020-03-30,6,2,2,1,1,0,1,1,0,1,1,1,1
CH,OW,2020-03-31,6,2,2,1,1,0,1,1,0,1,1,1,1
CH,OW,2020-04-01,6,2,2,1,1,0,1,1,0,1,1,1,1
CH,OW,2020-04-02,6,2,2,1,1,0,1,1,0,1,1,1,1
CH,OW,2020-04-03,6,2,2,1,1,0,1,1,0,1,1,1,1
CH,OW,2020-04-04,6,2,2,1,1,0,1,1,0,1,1,1,1
CH,OW,2020-04-05,6,2,2,1,1,0,1,1,0,1,1,1,1
CH,OW,2020-04-06,6,2,2,1,1,0,1,1,0,1,1,1,1
CH,OW,2020-04-07,,,,,,,,,,,,,
CH,OW,2020-04-08,,,,,,,,,,,,,
CH,OW,2020-04-09,,,,,,,,,,,,,
CH,OW,2020-04-10,,,,,,,,,,,,,
CH,OW,2020-04-11,,,,,,,,,,,,,
CH,OW,2020-04-12,,,,,,,,,,,,,
CH,OW,2020-04-13,,,,,,,,,,,,,
CH,OW,2020-04-14,,,,,,,,,,,,,
CH,OW,2020-04-15,,,,,,,,,,,,,
CH,OW,2020-04-16,,,,,,,,,,,,,
CH,OW,2020-04-17,,,,,,,,,,,,,
CH,OW,2020-04-18,,,,,,,,,,,,,
CH,SG,2020-01-29,0,0,0,0,0,0,0,0,0,0,0,0,0
CH,SG,2020-01-30,0,0,0,0,0,0,0,0,0,0,0,0,0
CH,SG,2020-01-31,0,0,0,0,0,0,0,0,0,0,0,0,0
CH,SG,2020-02-01,0,0,0,0,0,0,0,0,0,0,0,0,0
CH,SG,2020-02-02,0,0,0,0,0,0,0,0,0,0,0,0,0
CH,SG,2020-02-03,0,0,0,0,0,0,0,0,0,0,0,0,0
CH,SG,2020-02-04,0,0,0,0,0,0,0,0,0,0,0,0,0
CH,SG,2020-02-05,0,0,0,0,0,0,0,0,0,0,0,0,0
CH,SG,2020-02-06,0,0,0,0,0,0,0,0,0,0,0,0,1
CH,SG,2020-02-07,0,0,0,0,0,0,0,0,0,0,0,0,1
CH,SG,2020-02-08,0,0,0,0,0,0,0,0,0,0,0,0,1
CH,SG,2020-02-09,0,0,0,0,0,0,0,0,0,0,0,0,1
CH,SG,2020-02-10,0,0,0,0,0,0,0,0,0,0,0,0,1
CH,SG,2020-02-11,0,0,0,0,0,0,0,0,0,0,0,0,1
CH,SG,2020-02-12,0,0,0,0,0,0,0,0,0,0,0,0,1
CH,SG,2020-02-13,0,0,0,0,0,0,0,0,0,0,0,0,1
CH,SG,2020-02-14,0,0,0,0,0,0,0,0,0,0,0,0,1
CH,SG,2020-02-15,0,0,0,0,0,0,0,0,0,0,0,0,1
CH,SG,2020-02-16,0,0,0,0,0,0,0,0,0,0,0,0,1
CH,SG,2020-02-17,0,0,0,0,0,0,0,0,0,0,0,0,1
CH,SG,2020-02-18,0,0,0,0,0,0,0,0,0,0,0,0,1
CH,SG,2020-02-19,0,0,0,0,0,0,0,0,0,0,0,0,1
CH,SG,2020-02-20,0,0,0,0,0,0,0,0,0,0,0,0,1
CH,SG,2020-02-21,0,0,0,0,0,0,0,0,0,0,0,0,1
CH,SG,2020-02-22,0,0,0,0,0,0,0,0,0,0,0,0,1
CH,SG,2020-02-23,0,0,0,0,0,0,0,0,0,0,0,0,1
CH,SG,2020-02-24,0,0,0,0,0,0,0,0,0,0,0,0,1
CH,SG,2020-02-25,0,0,0,0,0,0,0,0,0,0,0,0,1
CH,SG,2020-02-26,0,0,0,0,0,0,0,0,0,0,0,0,1
CH,SG,2020-02-27,0,0,0,0,0,0,0,0,0,0,0,0,1
CH,SG,2020-02-28,1,0,0,0,0,0,0,0,0,0,0,0,1
CH,SG,2020-02-29,1,0,0,0,0,0,0,0,0,0,0,0,1
CH,SG,2020-03-01,1,0,0,0,0,0,0,0,0,0,0,0,1
CH,SG,2020-03-02,1,0,0,0,0,0,0,0,0,0,0,0,1
CH,SG,2020-03-03,1,0,0,0,0,0,0,0,0,0,0,0,1
CH,SG,2020-03-04,1,0,0,0,0,0,0,0,0,0,0,1,1
CH,SG,2020-03-05,1,0,0,0,0,0,0,0,0,0,0,1,1
CH,SG,2020-03-06,1,0,0,0,0,0,0,0,0,0,0,1,1
CH,SG,2020-03-07,1,0,0,0,0,0,0,0,0,0,0,1,1
CH,SG,2020-03-08,1,0,0,0,0,0,0,0,0,0,0,1,1
CH,SG,2020-03-09,1,0,0,0,0,0,0,0,0,0,0,1,1
CH,SG,2020-03-10,1,0,0,0,0,0,0,0,0,0,0,1,1
CH,SG,2020-03-11,1,0,0,0,0,0,0,0,0,0,0,1,1
CH,SG,2020-03-12,1,0,0,0,0,0,0,1,0,0,0,1,1
CH,SG,2020-03-13,3,0,1,0,1,0,0,1,0,0,0,1,1
CH,SG,2020-03-14,3,0,1,0,1,0,0,1,0,0,0,1,1
CH,SG,2020-03-15,3,0,1,0,1,0,0,1,0,0,0,1,1
CH,SG,2020-03-16,3,1,1,0,1,0,1,1,0,0,1,1,1
CH,SG,2020-03-17,3,1,2,1,1,0,1,1,0,0,1,1,1
CH,SG,2020-03-18,3,1,2,1,1,0,1,1,0,0,1,1,1
CH,SG,2020-03-19,3,1,2,1,1,0,1,1,1,1,1,1,1
CH,SG,2020-03-20,6,1,2,1,1,0,1,1,1,1,1,1,1
CH,SG,2020-03-21,6,1,2,1,1,0,1,1,1,1,1,1,1
CH,SG,2020-03-22,6,1,2,1,1,0,1,1,1,1,1,1,1
CH,SG,2020-03-23,6,1,2,1,1,0,1,1,1,1,1,1,1
CH,SG,2020-03-24,6,1,2,1,1,0,1,1,1,1,1,1,1
CH,SG,2020-03-25,6,1,2,1,1,0,1,1,1,1,1,1,1
CH,SG,2020-03-26,6,1,2,1,1,0,1,1,1,1,1,1,1
CH,SG,2020-03-27,6,1,2,1,1,0,1,1,1,1,1,1,1
CH,SG,2020-03-28,6,1,2,1,1,0,1,1,1,1,1,1,1
CH,SG,2020-03-29,6,1,2,1,1,0,1,1,1,1,1,1,1
CH,SG,2020-03-30,6,1,2,1,1,0,1,1,1,1,1,1,1
CH,SG,2020-03-31,6,1,2,1,1,0,1,1,1,1,1,1,1
CH,SG,2020-04-01,6,1,2,1,1,0,1,1,1,1,1,1,1
CH,SG,2020-04-02,6,1,2,1,1,0,1,1,1,1,1,1,1
CH,SG,2020-04-03,6,1,2,1,1,0,1,1,1,1,1,1,1
CH,SG,2020-04-04,6,1,2,1,1,0,1,1,1,1,1,1,1
CH,SG,2020-04-05,6,1,2,1,1,0,1,1,1,1,1,1,1
CH,SG,2020-04-06,6,1,2,1,1,0,1,1,1,1,1,1,1
CH,SG,2020-04-07,,,,,,,,,,,,,
CH,SG,2020-04-08,,,,,,,,,,,,,
CH,SG,2020-04-09,,,,,,,,,,,,,
CH,SG,2020-04-10,,,,,,,,,,,,,
CH,SG,2020-04-11,,,,,,,,,,,,,
CH,SG,2020-04-12,,,,,,,,,,,,,
CH,SG,2020-04-13,,,,,,,,,,,,,
CH,SG,2020-04-14,,,,,,,,,,,,,
CH,SG,2020-04-15,,,,,,,,,,,,,
CH,SG,2020-04-16,,,,,,,,,,,,,
CH,SG,2020-04-17,,,,,,,,,,,,,
CH,SG,2020-04-18,,,,,,,,,,,,,
CH,SH,2020-01-29,0,0,0,0,0,0,0,0,0,0,0,0,0
CH,SH,2020-01-30,0,0,0,0,0,0,0,0,0,0,0,0,0
CH,SH,2020-01-31,0,0,0,0,0,0,0,0,0,0,0,0,0
CH,SH,2020-02-01,0,0,0,0,0,0,0,0,0,0,0,0,0
CH,SH,2020-02-02,0,0,0,0,0,0,0,0,0,0,0,0,0
CH,SH,2020-02-03,0,0,0,0,0,0,0,0,0,0,0,0,0
CH,SH,2020-02-04,0,0,0,0,0,0,0,0,0,0,0,0,0
CH,SH,2020-02-05,0,0,0,0,0,0,0,0,0,0,0,0,0
CH,SH,2020-02-06,0,0,0,0,0,0,0,0,0,0,0,0,0
CH,SH,2020-02-07,0,0,0,0,0,0,0,0,0,0,0,0,0
CH,SH,2020-02-08,0,0,0,0,0,0,0,0,0,0,0,0,0
CH,SH,2020-02-09,0,0,0,0,0,0,0,0,0,0,0,0,0
CH,SH,2020-02-10,0,0,0,0,0,0,0,0,0,0,0,0,0
CH,SH,2020-02-11,0,0,0,0,0,0,0,0,0,0,0,0,0
CH,SH,2020-02-12,0,0,0,0,0,0,0,0,0,0,0,0,0
CH,SH,2020-02-13,0,0,0,0,0,0,0,0,0,0,0,0,0
CH,SH,2020-02-14,0,0,0,0,0,0,0,0,0,0,0,0,0
CH,SH,2020-02-15,0,0,0,0,0,0,0,0,0,0,0,0,0
CH,SH,2020-02-16,0,0,0,0,0,0,0,0,0,0,0,0,0
CH,SH,2020-02-17,0,0,0,0,0,0,0,0,0,0,0,0,0
CH,SH,2020-02-18,0,0,0,0,0,0,0,0,0,0,0,0,0
CH,SH,2020-02-19,0,0,0,0,0,0,0,0,0,0,0,0,0
CH,SH,2020-02-20,0,0,0,0,0,0,0,0,0,0,0,0,0
CH,SH,2020-02-21,0,0,0,0,0,0,0,0,0,0,0,0,0
CH,SH,2020-02-22,0,0,0,0,0,0,0,0,0,0,0,0,0
CH,SH,2020-02-23,0,0,0,0,0,0,0,0,0,0,0,0,0
CH,SH,2020-02-24,0,0,0,0,0,0,0,0,0,0,0,0,0
CH,SH,2020-02-25,0,0,0,0,0,0,0,0,0,0,0,0,0
CH,SH,2020-02-26,0,0,0,0,0,0,0,0,0,0,0,0,0
CH,SH,2020-02-27,0,0,0,0,0,0,0,0,0,0,0,0,1
CH,SH,2020-02-28,1,0,0,0,0,0,0,0,0,0,0,0,1
CH,SH,2020-02-29,1,0,0,0,0,0,0,0,0,0,0,0,1
CH,SH,2020-03-01,1,0,0,0,0,0,0,0,0,0,0,0,1
CH,SH,2020-03-02,1,0,0,0,0,0,0,0,0,0,0,0,1
CH,SH,2020-03-03,1,0,0,0,0,0,0,0,0,0,0,0,1
CH,SH,2020-03-04,1,0,0,0,0,0,0,0,0,0,0,1,1
CH,SH,2020-03-05,1,0,0,0,0,0,0,0,0,0,0,1,1
CH,SH,2020-03-06,1,0,0,0,0,0,0,0,0,0,0,1,1
CH,SH,2020-03-07,1,0,0,0,0,0,0,0,0,0,0,1,1
CH,SH,2020-03-08,1,0,0,0,0,0,0,0,0,0,0,1,1
CH,SH,2020-03-09,1,0,0,0,0,0,0,0,0,0,0,1,1
CH,SH,2020-03-10,1,0,0,0,0,0,0,0,0,0,0,1,1
CH,SH,2020-03-11,1,0,0,0,0,0,0,0,0,0,0,1,1
CH,SH,2020-03-12,1,0,0,0,0,0,0,0,0,0,0,1,1
CH,SH,2020-03-13,3,0,1,0,1,0,0,0,0,0,0,1,1
CH,SH,2020-03-14,3,0,1,0,1,0,0,0,0,0,0,1,1
CH,SH,2020-03-15,3,0,1,0,1,0,0,0,0,0,0,1,1
CH,SH,2020-03-16,3,2,1,0,1,0,1,1,0,0,1,1,1
CH,SH,2020-03-17,3,2,2,1,1,0,1,1,0,0,1,1,1
CH,SH,2020-03-18,3,2,2,1,1,0,1,1,0,0,1,1,1
CH,SH,2020-03-19,3,2,2,1,1,0,1,1,0,1,1,1,1
CH,SH,2020-03-20,6,2,2,1,1,0,1,1,0,1,1,1,1
CH,SH,2020-03-21,6,2,2,1,1,0,1,1,0,1,1,1,1
CH,SH,2020-03-22,6,2,2,1,1,0,1,1,0,1,1,1,1
CH,SH,2020-03-23,6,2,2,1,1,0,1,1,0,1,1,1,1
CH,SH,2020-03-24,6,2,2,1,1,0,1,1,0,1,1,1,1
CH,SH,2020-03-25,6,2,2,1,1,0,1,1,0,1,1,1,1
CH,SH,2020-03-26,6,2,2,1,1,0,1,1,0,1,1,1,1
CH,SH,2020-03-27,6,2,2,1,1,0,1,1,0,1,1,1,1
CH,SH,2020-03-28,6,2,2,1,1,0,1,1,0,1,1,1,1
CH,SH,2020-03-29,6,2,2,1,1,0,1,1,0,1,1,1,1
CH,SH,2020-03-30,6,2,2,1,1,0,1,1,0,1,1,1,1
CH,SH,2020-03-31,6,2,2,1,1,0,1,1,0,1,1,1,1
CH,SH,2020-04-01,6,2,2,1,1,0,1,1,0,1,1,1,1
CH,SH,2020-04-02,6,2,2,1,1,0,1,1,0,1,1,1,1
CH,SH,2020-04-03,6,2,2,1,1,0,1,1,0,1,1,1,1
CH,SH,2020-04-04,6,2,2,1,1,0,1,1,0,1,1,1,1
CH,SH,2020-04-05,6,2,2,1,1,0,1,1,0,1,1,1,1
CH,SH,2020-04-06,6,2,2,1,1,0,1,1,0,1,1,1,1
CH,SH,2020-04-07,,,,,,,,,,,,,
CH,SH,2020-04-08,,,,,,,,,,,,,
CH,SH,2020-04-09,,,,,,,,,,,,,
CH,SH,2020-04-10,,,,,,,,,,,,,
CH,SH,2020-04-11,,,,,,,,,,,,,
CH,SH,2020-04-12,,,,,,,,,,,,,
CH,SH,2020-04-13,,,,,,,,,,,,,
CH,SH,2020-04-14,,,,,,,,,,,,,
CH,SH,2020-04-15,,,,,,,,,,,,,
CH,SH,2020-04-16,,,,,,,,,,,,,
CH,SH,2020-04-17,,,,,,,,,,,,,
CH,SH,2020-04-18,,,,,,,,,,,,,
CH,SO,2020-01-29,0,0,0,0,0,0,0,0,0,0,0,0,0
CH,SO,2020-01-30,0,0,0,0,0,0,0,0,0,0,0,0,0
CH,SO,2020-01-31,0,0,0,0,0,0,0,0,0,0,0,0,0
CH,SO,2020-02-01,0,0,0,0,0,0,0,0,0,0,0,0,0
CH,SO,2020-02-02,0,0,0,0,0,0,0,0,0,0,0,0,0
CH,SO,2020-02-03,0,0,0,0,0,0,0,0,0,0,0,0,0
CH,SO,2020-02-04,0,0,0,0,0,0,0,0,0,0,0,0,0
CH,SO,2020-02-05,0,0,0,0,0,0,0,0,0,0,0,0,0
CH,SO,2020-02-06,0,0,0,0,0,0,0,0,0,0,0,0,0
CH,SO,2020-02-07,0,0,0,0,0,0,0,0,0,0,0,0,0
CH,SO,2020-02-08,0,0,0,0,0,0,0,0,0,0,0,0,0
CH,SO,2020-02-09,0,0,0,0,0,0,0,0,0,0,0,0,0
CH,SO,2020-02-10,0,0,0,0,0,0,0,0,0,0,0,0,0
CH,SO,2020-02-11,0,0,0,0,0,0,0,0,0,0,0,0,0
CH,SO,2020-02-12,0,0,0,0,0,0,0,0,0,0,0,0,0
CH,SO,2020-02-13,0,0,0,0,0,0,0,0,0,0,0,0,0
CH,SO,2020-02-14,0,0,0,0,0,0,0,0,0,0,0,0,0
CH,SO,2020-02-15,0,0,0,0,0,0,0,0,0,0,0,0,0
CH,SO,2020-02-16,0,0,0,0,0,0,0,0,0,0,0,0,0
CH,SO,2020-02-17,0,0,0,0,0,0,0,0,0,0,0,0,0
CH,SO,2020-02-18,0,0,0,0,0,0,0,0,0,0,0,0,0
CH,SO,2020-02-19,0,0,0,0,0,0,0,0,0,0,0,0,0
CH,SO,2020-02-20,0,0,0,0,0,0,0,0,0,0,0,0,0
CH,SO,2020-02-21,0,0,0,0,0,0,0,0,0,0,0,0,0
CH,SO,2020-02-22,0,0,0,0,0,0,0,0,0,0,0,0,0
CH,SO,2020-02-23,0,0,0,0,0,0,0,0,0,0,0,0,0
CH,SO,2020-02-24,0,0,0,0,0,0,0,0,0,0,0,0,0
CH,SO,2020-02-25,0,0,0,0,0,0,0,0,0,0,0,0,0
CH,SO,2020-02-26,0,0,0,0,0,0,0,0,0,0,0,0,0
CH,SO,2020-02-27,0,0,0,0,0,0,0,0,0,0,0,0,1
CH,SO,2020-02-28,1,0,0,0,0,0,0,0,0,0,0,0,1
CH,SO,2020-02-29,1,0,0,0,0,0,0,0,0,0,0,0,1
CH,SO,2020-03-01,1,0,0,0,0,0,0,0,0,0,0,0,1
CH,SO,2020-03-02,1,0,0,0,0,0,0,0,0,0,0,0,1
CH,SO,2020-03-03,1,0,0,0,0,0,0,0,0,0,0,0,1
CH,SO,2020-03-04,1,0,0,0,0,0,0,0,0,0,0,0,1
CH,SO,2020-03-05,1,0,0,0,0,0,0,0,0,0,0,0,1
CH,SO,2020-03-06,1,0,0,0,0,0,0,0,0,0,0,1,1
CH,SO,2020-03-07,1,0,0,0,0,0,0,0,0,0,0,1,1
CH,SO,2020-03-08,1,0,0,0,0,0,0,0,0,0,0,1,1
CH,SO,2020-03-09,1,0,0,0,0,0,0,0,0,0,0,1,1
CH,SO,2020-03-10,1,0,0,0,0,0,0,0,0,0,0,1,1
CH,SO,2020-03-11,1,0,0,0,0,0,0,0,0,0,0,1,1
CH,SO,2020-03-12,1,0,0,0,0,0,0,0,0,0,0,1,1
CH,SO,2020-03-13,3,0,1,0,1,0,0,0,0,0,0,1,1
CH,SO,2020-03-14,3,0,1,0,1,0,0,0,0,0,0,1,1
CH,SO,2020-03-15,3,0,1,0,1,0,0,0,0,0,0,1,1
CH,SO,2020-03-16,3,2,1,0,1,0,1,1,0,0,1,1,1
CH,SO,2020-03-17,3,2,2,1,1,1,1,1,1,0,1,1,1
CH,SO,2020-03-18,3,2,2,1,1,1,1,1,1,0,1,1,1
CH,SO,2020-03-19,3,2,2,1,1,1,1,1,1,1,1,1,1
CH,SO,2020-03-20,6,2,2,1,1,1,1,1,1,1,1,1,1
CH,SO,2020-03-21,6,2,2,1,1,1,1,1,1,1,1,1,1
CH,SO,2020-03-22,6,2,2,1,1,1,1,1,1,1,1,1,1
CH,SO,2020-03-23,6,2,2,1,1,1,1,1,1,1,1,1,1
CH,SO,2020-03-24,6,2,2,1,1,1,1,1,1,1,1,1,1
CH,SO,2020-03-25,6,2,2,1,1,1,1,1,1,1,1,1,1
CH,SO,2020-03-26,6,2,2,1,1,1,1,1,1,1,1,1,1
CH,SO,2020-03-27,6,2,2,1,1,1,1,1,1,1,1,1,1
CH,SO,2020-03-28,6,2,2,1,1,1,1,1,1,1,1,1,1
CH,SO,2020-03-29,6,2,2,1,1,1,1,1,1,1,1,1,1
CH,SO,2020-03-30,6,2,2,1,1,1,1,1,1,1,1,1,1
CH,SO,2020-03-31,6,2,2,1,1,1,1,1,1,1,1,1,1
CH,SO,2020-04-01,6,2,2,1,1,1,1,1,1,1,1,1,1
CH,SO,2020-04-02,6,2,2,1,1,1,1,1,1,1,1,1,1
CH,SO,2020-04-03,6,2,2,1,1,1,1,1,1,1,1,1,1
CH,SO,2020-04-04,6,2,2,1,1,1,1,1,1,1,1,1,1
CH,SO,2020-04-05,6,2,2,1,1,1,1,1,1,1,1,1,1
CH,SO,2020-04-06,6,2,2,1,1,1,1,1,1,1,1,1,1
CH,SO,2020-04-07,,,,,,,,,,,,,
CH,SO,2020-04-08,,,,,,,,,,,,,
CH,SO,2020-04-09,,,,,,,,,,,,,
CH,SO,2020-04-10,,,,,,,,,,,,,
CH,SO,2020-04-11,,,,,,,,,,,,,
CH,SO,2020-04-12,,,,,,,,,,,,,
CH,SO,2020-04-13,,,,,,,,,,,,,
CH,SO,2020-04-14,,,,,,,,,,,,,
CH,SO,2020-04-15,,,,,,,,,,,,,
CH,SO,2020-04-16,,,,,,,,,,,,,
CH,SO,2020-04-17,,,,,,,,,,,,,
CH,SO,2020-04-18,,,,,,,,,,,,,
CH,SZ,2020-01-29,0,0,0,0,0,0,0,0,0,0,0,0,0
CH,SZ,2020-01-30,0,0,0,0,0,0,0,0,0,0,0,0,0
CH,SZ,2020-01-31,0,0,0,0,0,0,0,0,0,0,0,0,0
CH,SZ,2020-02-01,0,0,0,0,0,0,0,0,0,0,0,0,0
CH,SZ,2020-02-02,0,0,0,0,0,0,0,0,0,0,0,0,0
CH,SZ,2020-02-03,0,0,0,0,0,0,0,0,0,0,0,0,0
CH,SZ,2020-02-04,0,0,0,0,0,0,0,0,0,0,0,0,0
CH,SZ,2020-02-05,0,0,0,0,0,0,0,0,0,0,0,0,0
CH,SZ,2020-02-06,0,0,0,0,0,0,0,0,0,0,0,0,0
CH,SZ,2020-02-07,0,0,0,0,0,0,0,0,0,0,0,0,0
CH,SZ,2020-02-08,0,0,0,0,0,0,0,0,0,0,0,0,0
CH,SZ,2020-02-09,0,0,0,0,0,0,0,0,0,0,0,0,0
CH,SZ,2020-02-10,0,0,0,0,0,0,0,0,0,0,0,0,0
CH,SZ,2020-02-11,0,0,0,0,0,0,0,0,0,0,0,0,0
CH,SZ,2020-02-12,0,0,0,0,0,0,0,0,0,0,0,0,0
CH,SZ,2020-02-13,0,0,0,0,0,0,0,0,0,0,0,0,0
CH,SZ,2020-02-14,0,0,0,0,0,0,0,0,0,0,0,0,0
CH,SZ,2020-02-15,0,0,0,0,0,0,0,0,0,0,0,0,0
CH,SZ,2020-02-16,0,0,0,0,0,0,0,0,0,0,0,0,0
CH,SZ,2020-02-17,0,0,0,0,0,0,0,0,0,0,0,0,0
CH,SZ,2020-02-18,0,0,0,0,0,0,0,0,0,0,0,0,0
CH,SZ,2020-02-19,0,0,0,0,0,0,0,0,0,0,0,0,0
CH,SZ,2020-02-20,0,0,0,0,0,0,0,0,0,0,0,0,0
CH,SZ,2020-02-21,0,0,0,0,0,0,0,0,0,0,0,0,0
CH,SZ,2020-02-22,0,0,0,0,0,0,0,0,0,0,0,0,0
CH,SZ,2020-02-23,0,0,0,0,0,0,0,0,0,0,0,0,0
CH,SZ,2020-02-24,0,0,0,0,0,0,0,0,0,0,0,0,0
CH,SZ,2020-02-25,0,0,0,0,0,0,0,0,0,0,0,0,0
CH,SZ,2020-02-26,0,0,0,0,0,0,0,0,0,0,0,0,0
CH,SZ,2020-02-27,0,0,0,0,0,0,0,0,0,0,0,0,1
CH,SZ,2020-02-28,1,0,0,0,0,0,0,0,0,0,0,0,1
CH,SZ,2020-02-29,1,0,0,0,0,0,0,0,0,0,0,0,1
CH,SZ,2020-03-01,1,0,0,0,0,0,0,0,0,0,0,0,1
CH,SZ,2020-03-02,1,0,0,0,0,0,0,0,0,0,0,0,1
CH,SZ,2020-03-03,1,0,0,0,0,0,0,0,0,0,0,1,1
CH,SZ,2020-03-04,1,0,0,0,0,0,0,0,0,0,0,1,1
CH,SZ,2020-03-05,1,1,0,0,0,0,0,0,0,0,0,1,1
CH,SZ,2020-03-06,1,1,0,0,0,0,0,0,0,0,0,1,1
CH,SZ,2020-03-07,1,1,0,0,0,0,0,0,0,0,0,1,1
CH,SZ,2020-03-08,1,1,0,0,0,0,0,0,0,0,0,1,1
CH,SZ,2020-03-09,1,1,0,0,0,0,0,0,0,0,0,1,1
CH,SZ,2020-03-10,1,1,0,0,0,0,0,0,0,0,0,1,1
CH,SZ,2020-03-11,1,1,0,0,0,0,0,0,0,0,0,1,1
CH,SZ,2020-03-12,1,1,0,0,0,0,0,0,0,0,0,1,1
CH,SZ,2020-03-13,3,1,1,0,1,0,0,0,0,0,0,1,1
CH,SZ,2020-03-14,3,1,1,0,1,0,0,0,0,0,0,1,1
CH,SZ,2020-03-15,3,1,1,0,1,0,0,0,0,0,0,1,1
CH,SZ,2020-03-16,3,2,2,0,1,0,1,1,0,0,1,1,1
CH,SZ,2020-03-17,3,2,2,1,1,0,1,1,1,0,1,1,1
CH,SZ,2020-03-18,3,2,2,1,1,0,1,1,1,0,1,1,1
CH,SZ,2020-03-19,3,2,2,1,1,0,1,1,1,1,1,1,1
CH,SZ,2020-03-20,6,2,2,1,1,0,1,1,1,1,1,1,1
CH,SZ,2020-03-21,6,2,2,1,1,0,1,1,1,1,1,1,1
CH,SZ,2020-03-22,6,2,2,1,1,0,1,1,1,1,1,1,1
CH,SZ,2020-03-23,6,2,2,1,1,0,1,1,1,1,1,1,1
CH,SZ,2020-03-24,6,2,2,1,1,0,1,1,1,1,1,1,1
CH,SZ,2020-03-25,6,2,2,1,1,0,1,1,1,1,1,1,1
CH,SZ,2020-03-26,6,2,2,1,1,0,1,1,1,1,1,1,1
CH,SZ,2020-03-27,6,2,2,1,1,0,1,1,1,1,1,1,1
CH,SZ,2020-03-28,6,2,2,1,1,0,1,1,1,1,1,1,1
CH,SZ,2020-03-29,6,2,2,1,1,0,1,1,1,1,1,1,1
CH,SZ,2020-03-30,6,2,2,1,1,0,1,1,1,1,1,1,1
CH,SZ,2020-03-31,6,2,2,1,1,0,1,1,1,1,1,1,1
CH,SZ,2020-04-01,6,2,2,1,1,0,1,1,1,1,1,1,1
CH,SZ,2020-04-02,6,2,2,1,1,0,1,1,1,1,1,1,1
CH,SZ,2020-04-03,6,2,2,1,1,0,1,1,1,1,1,1,1
CH,SZ,2020-04-04,6,2,2,1,1,0,1,1,1,1,1,1,1
CH,SZ,2020-04-05,6,2,2,1,1,0,1,1,1,1,1,1,1
CH,SZ,2020-04-06,6,2,2,1,1,0,1,1,1,1,1,1,1
CH,SZ,2020-04-07,,,,,,,,,,,,,
CH,SZ,2020-04-08,,,,,,,,,,,,,
CH,SZ,2020-04-09,,,,,,,,,,,,,
CH,SZ,2020-04-10,,,,,,,,,,,,,
CH,SZ,2020-04-11,,,,,,,,,,,,,
CH,SZ,2020-04-12,,,,,,,,,,,,,
CH,SZ,2020-04-13,,,,,,,,,,,,,
CH,SZ,2020-04-14,,,,,,,,,,,,,
CH,SZ,2020-04-15,,,,,,,,,,,,,
CH,SZ,2020-04-16,,,,,,,,,,,,,
CH,SZ,2020-04-17,,,,,,,,,,,,,
CH,SZ,2020-04-18,,,,,,,,,,,,,
CH,TG,2020-01-29,0,0,0,0,0,0,0,0,0,0,0,0,0
CH,TG,2020-01-30,0,0,0,0,0,0,0,0,0,0,0,0,0
CH,TG,2020-01-31,0,0,0,0,0,0,0,0,0,0,0,0,0
CH,TG,2020-02-01,0,0,0,0,0,0,0,0,0,0,0,0,0
CH,TG,2020-02-02,0,0,0,0,0,0,0,0,0,0,0,0,0
CH,TG,2020-02-03,0,0,0,0,0,0,0,0,0,0,0,0,0
CH,TG,2020-02-04,0,0,0,0,0,0,0,0,0,0,0,0,0
CH,TG,2020-02-05,0,0,0,0,0,0,0,0,0,0,0,0,0
CH,TG,2020-02-06,0,0,0,0,0,0,0,0,0,0,0,0,0
CH,TG,2020-02-07,0,0,0,0,0,0,0,0,0,0,0,0,0
CH,TG,2020-02-08,0,0,0,0,0,0,0,0,0,0,0,0,0
CH,TG,2020-02-09,0,0,0,0,0,0,0,0,0,0,0,0,0
CH,TG,2020-02-10,0,0,0,0,0,0,0,0,0,0,0,0,0
CH,TG,2020-02-11,0,0,0,0,0,0,0,0,0,0,0,0,0
CH,TG,2020-02-12,0,0,0,0,0,0,0,0,0,0,0,0,0
CH,TG,2020-02-13,0,0,0,0,0,0,0,0,0,0,0,0,0
CH,TG,2020-02-14,0,0,0,0,0,0,0,0,0,0,0,0,0
CH,TG,2020-02-15,0,0,0,0,0,0,0,0,0,0,0,0,0
CH,TG,2020-02-16,0,0,0,0,0,0,0,0,0,0,0,0,0
CH,TG,2020-02-17,0,0,0,0,0,0,0,0,0,0,0,0,0
CH,TG,2020-02-18,0,0,0,0,0,0,0,0,0,0,0,0,0
CH,TG,2020-02-19,0,0,0,0,0,0,0,0,0,0,0,0,0
CH,TG,2020-02-20,0,0,0,0,0,0,0,0,0,0,0,0,0
CH,TG,2020-02-21,0,0,0,0,0,0,0,0,0,0,0,0,0
CH,TG,2020-02-22,0,0,0,0,0,0,0,0,0,0,0,0,0
CH,TG,2020-02-23,0,0,0,0,0,0,0,0,0,0,0,0,0
CH,TG,2020-02-24,0,0,0,0,0,0,0,0,0,0,0,1,1
CH,TG,2020-02-25,0,0,0,0,0,0,0,0,0,0,0,1,1
CH,TG,2020-02-26,0,0,0,0,0,0,0,0,0,0,0,1,1
CH,TG,2020-02-27,0,0,0,0,0,0,0,0,0,0,0,1,1
CH,TG,2020-02-28,1,0,0,0,0,0,0,0,0,0,0,1,1
CH,TG,2020-02-29,1,0,0,0,0,0,0,0,0,0,0,1,1
CH,TG,2020-03-01,1,0,0,0,0,0,0,0,0,0,0,1,1
CH,TG,2020-03-02,1,0,0,0,0,0,0,0,0,0,0,1,1
CH,TG,2020-03-03,1,0,0,0,0,0,0,0,0,0,0,1,1
CH,TG,2020-03-04,1,0,0,0,0,0,0,0,0,0,0,1,1
CH,TG,2020-03-05,1,0,0,0,0,0,0,0,0,0,0,1,1
CH,TG,2020-03-06,1,0,0,0,0,0,0,0,0,0,0,1,1
CH,TG,2020-03-07,1,0,0,0,0,0,0,0,0,0,0,1,1
CH,TG,2020-03-08,1,0,0,0,0,0,0,0,0,0,0,1,1
CH,TG,2020-03-09,1,0,0,0,0,0,0,0,0,0,0,1,1
CH,TG,2020-03-10,1,0,0,0,0,0,0,0,0,0,0,1,1
CH,TG,2020-03-11,1,0,0,0,0,0,0,0,0,0,0,1,1
CH,TG,2020-03-12,1,0,0,0,0,0,0,0,0,0,0,1,1
CH,TG,2020-03-13,3,0,1,0,1,0,0,0,0,0,0,1,1
CH,TG,2020-03-14,3,0,1,0,1,0,0,0,0,0,0,1,1
CH,TG,2020-03-15,3,0,1,0,1,0,0,0,0,0,0,1,1
CH,TG,2020-03-16,3,0,1,0,1,0,1,1,0,0,1,1,1
CH,TG,2020-03-17,3,0,2,1,1,0,1,1,1,0,1,1,1
CH,TG,2020-03-18,3,0,2,1,1,0,1,1,1,0,1,1,1
CH,TG,2020-03-19,3,0,2,1,1,0,1,1,1,1,1,1,1
CH,TG,2020-03-20,6,0,2,1,1,0,1,1,1,1,1,1,1
CH,TG,2020-03-21,6,0,2,1,1,0,1,1,1,1,1,1,1
CH,TG,2020-03-22,6,0,2,1,1,0,1,1,1,1,1,1,1
CH,TG,2020-03-23,6,0,2,1,1,0,1,1,1,1,1,1,1
CH,TG,2020-03-24,6,0,2,1,1,0,1,1,1,1,1,1,1
CH,TG,2020-03-25,6,0,2,1,1,0,1,1,1,1,1,1,1
CH,TG,2020-03-26,6,0,2,1,1,0,1,1,1,1,1,1,1
CH,TG,2020-03-27,6,0,2,1,1,0,1,1,1,1,1,1,1
CH,TG,2020-03-28,6,0,2,1,1,0,1,1,1,1,1,1,1
CH,TG,2020-03-29,6,0,2,1,1,0,1,1,1,1,1,1,1
CH,TG,2020-03-30,6,0,2,1,1,0,1,1,1,1,1,1,1
CH,TG,2020-03-31,6,0,2,1,1,0,1,1,1,1,1,1,1
CH,TG,2020-04-01,6,0,2,1,1,0,1,1,1,1,1,1,1
CH,TG,2020-04-02,6,0,2,1,1,0,1,1,1,1,1,1,1
CH,TG,2020-04-03,6,0,2,1,1,0,1,1,1,1,1,1,1
CH,TG,2020-04-04,6,0,2,1,1,0,1,1,1,1,1,1,1
CH,TG,2020-04-05,6,0,2,1,1,0,1,1,1,1,1,1,1
CH,TG,2020-04-06,6,0,2,1,1,0,1,1,1,1,1,1,1
CH,TG,2020-04-07,,,,,,,,,,,,,
CH,TG,2020-04-08,,,,,,,,,,,,,
CH,TG,2020-04-09,,,,,,,,,,,,,
CH,TG,2020-04-10,,,,,,,,,,,,,
CH,TG,2020-04-11,,,,,,,,,,,,,
CH,TG,2020-04-12,,,,,,,,,,,,,
CH,TG,2020-04-13,,,,,,,,,,,,,
CH,TG,2020-04-14,,,,,,,,,,,,,
CH,TG,2020-04-15,,,,,,,,,,,,,
CH,TG,2020-04-16,,,,,,,,,,,,,
CH,TG,2020-04-17,,,,,,,,,,,,,
CH,TG,2020-04-18,,,,,,,,,,,,,
CH,TI,2020-01-29,0,0,0,0,0,0,0,0,0,0,0,0,0
CH,TI,2020-01-30,0,0,0,0,0,0,0,0,0,0,0,0,0
CH,TI,2020-01-31,0,0,0,0,0,0,0,0,0,0,0,0,0
CH,TI,2020-02-01,0,0,0,0,0,0,0,0,0,0,0,0,0
CH,TI,2020-02-02,0,0,0,0,0,0,0,0,0,0,0,0,0
CH,TI,2020-02-03,0,0,0,0,0,0,0,0,0,0,0,0,0
CH,TI,2020-02-04,0,0,0,0,0,0,0,0,0,0,0,0,0
CH,TI,2020-02-05,0,0,0,0,0,0,0,0,0,0,0,0,0
CH,TI,2020-02-06,0,0,0,0,0,0,0,0,0,0,0,0,0
CH,TI,2020-02-07,0,0,0,0,0,0,0,0,0,0,0,0,0
CH,TI,2020-02-08,0,0,0,0,0,0,0,0,0,0,0,1,0
CH,TI,2020-02-09,0,0,0,0,0,0,0,0,0,0,0,1,0
CH,TI,2020-02-10,0,0,0,0,0,0,0,0,0,0,0,1,0
CH,TI,2020-02-11,0,0,0,0,0,0,0,0,0,0,0,1,0
CH,TI,2020-02-12,0,0,0,0,0,0,0,0,0,0,0,1,0
CH,TI,2020-02-13,0,0,0,0,0,0,0,0,0,0,0,1,0
CH,TI,2020-02-14,0,0,0,0,0,0,0,0,0,0,0,1,0
CH,TI,2020-02-15,0,0,0,0,0,0,0,0,0,0,0,1,0
CH,TI,2020-02-16,0,0,0,0,0,0,0,0,0,0,0,1,0
CH,TI,2020-02-17,0,0,0,0,0,0,0,0,0,0,0,1,0
CH,TI,2020-02-18,0,0,0,0,0,0,0,0,0,0,0,1,0
CH,TI,2020-02-19,0,0,0,0,0,0,0,0,0,0,0,1,0
CH,TI,2020-02-20,0,0,0,0,0,0,0,0,0,0,0,1,0
CH,TI,2020-02-21,0,0,0,0,0,0,0,0,0,0,0,1,0
CH,TI,2020-02-22,0,0,0,0,0,0,0,0,0,0,0,1,0
CH,TI,2020-02-23,0,0,0,0,0,0,0,0,0,0,0,1,0
CH,TI,2020-02-24,0,0,0,0,0,0,0,0,0,0,0,1,0
CH,TI,2020-02-25,0,0,0,0,0,0,0,0,0,0,0,1,0
CH,TI,2020-02-26,0,0,0,0,0,0,0,0,0,0,0,1,0
CH,TI,2020-02-27,0,0,0,0,0,0,0,0,0,0,0,1,1
CH,TI,2020-02-28,1,0,0,0,0,0,0,0,0,0,0,1,1
CH,TI,2020-02-29,1,0,0,0,0,0,0,0,0,0,0,1,1
CH,TI,2020-03-01,1,0,0,0,0,0,0,0,0,0,0,1,1
CH,TI,2020-03-02,1,0,0,0,0,0,0,0,0,0,0,1,1
CH,TI,2020-03-03,1,0,0,0,0,0,0,0,0,0,0,1,1
CH,TI,2020-03-04,1,0,0,0,0,0,0,0,0,0,0,1,1
CH,TI,2020-03-05,1,0,0,0,0,0,0,0,0,0,0,1,1
CH,TI,2020-03-06,1,0,0,0,0,0,0,0,0,0,0,1,1
CH,TI,2020-03-07,3,0,0,0,0,0,0,0,0,0,0,1,1
CH,TI,2020-03-08,3,0,0,0,0,0,0,0,0,0,0,1,1
CH,TI,2020-03-09,3,0,0,0,0,0,0,0,0,0,0,1,1
CH,TI,2020-03-10,3,0,0,0,0,0,0,0,0,0,0,1,1
CH,TI,2020-03-11,4,0,2,0,0,0,0,0,0,0,0,1,1
CH,TI,2020-03-12,4,0,2,0,0,0,0,1,0,0,0,1,1
CH,TI,2020-03-13,4,0,2,0,1,0,0,1,0,0,0,1,1
CH,TI,2020-03-14,4,0,2,0,1,0,0,1,0,0,0,1,1
CH,TI,2020-03-15,4,0,2,0,1,0,0,1,0,0,0,1,1
CH,TI,2020-03-16,4,0,2,0,1,0,1,1,0,0,1,1,1
CH,TI,2020-03-17,4,0,2,1,1,0,1,1,0,0,1,1,1
CH,TI,2020-03-18,6,0,2,1,1,0,1,1,0,0,1,1,1
CH,TI,2020-03-19,6,0,2,1,1,0,1,1,0,1,1,1,1
CH,TI,2020-03-20,6,0,2,1,1,0,1,1,0,1,1,1,1
CH,TI,2020-03-21,6,0,2,1,1,0,1,1,0,1,1,1,1
CH,TI,2020-03-22,6,0,2,1,1,0,1,1,0,1,1,1,1
CH,TI,2020-03-23,6,0,2,1,1,0,1,1,0,1,1,1,1
CH,TI,2020-03-24,6,0,2,1,1,0,1,1,0,1,1,1,1
CH,TI,2020-03-25,6,0,2,1,1,0,1,1,0,1,1,1,1
CH,TI,2020-03-26,6,0,2,1,1,0,1,1,0,1,1,1,1
CH,TI,2020-03-27,6,0,2,1,1,0,1,1,1,1,1,1,1
CH,TI,2020-03-28,6,0,2,1,1,0,1,1,1,1,1,1,1
CH,TI,2020-03-29,6,0,2,1,1,0,1,1,1,1,1,1,1
CH,TI,2020-03-30,6,0,2,1,1,0,1,1,1,1,1,1,1
CH,TI,2020-03-31,6,0,2,1,1,0,1,1,1,1,1,1,1
CH,TI,2020-04-01,6,0,2,1,1,0,1,1,1,1,1,1,1
CH,TI,2020-04-02,6,0,2,1,1,0,1,1,1,1,1,1,1
CH,TI,2020-04-03,6,0,2,1,1,0,1,1,1,1,1,1,1
CH,TI,2020-04-04,6,0,2,1,1,0,1,1,1,1,1,1,1
CH,TI,2020-04-05,6,0,2,1,1,0,1,1,1,1,1,1,1
CH,TI,2020-04-06,6,0,2,1,1,0,1,1,1,1,1,1,1
CH,TI,2020-04-07,,,,,,,,,,,,,
CH,TI,2020-04-08,,,,,,,,,,,,,
CH,TI,2020-04-09,,,,,,,,,,,,,
CH,TI,2020-04-10,,,,,,,,,,,,,
CH,TI,2020-04-11,,,,,,,,,,,,,
CH,TI,2020-04-12,,,,,,,,,,,,,
CH,TI,2020-04-13,,,,,,,,,,,,,
CH,TI,2020-04-14,,,,,,,,,,,,,
CH,TI,2020-04-15,,,,,,,,,,,,,
CH,TI,2020-04-16,,,,,,,,,,,,,
CH,TI,2020-04-17,,,,,,,,,,,,,
CH,TI,2020-04-18,,,,,,,,,,,,,
CH,UR,2020-01-29,0,0,0,0,0,0,0,0,0,0,0,0,0
CH,UR,2020-01-30,0,0,0,0,0,0,0,0,0,0,0,0,0
CH,UR,2020-01-31,0,0,0,0,0,0,0,0,0,0,0,0,0
CH,UR,2020-02-01,0,0,0,0,0,0,0,0,0,0,0,0,0
CH,UR,2020-02-02,0,0,0,0,0,0,0,0,0,0,0,0,0
CH,UR,2020-02-03,0,0,0,0,0,0,0,0,0,0,0,0,0
CH,UR,2020-02-04,0,0,0,0,0,0,0,0,0,0,0,0,0
CH,UR,2020-02-05,0,0,0,0,0,0,0,0,0,0,0,0,0
CH,UR,2020-02-06,0,0,0,0,0,0,0,0,0,0,0,0,0
CH,UR,2020-02-07,0,0,0,0,0,0,0,0,0,0,0,0,0
CH,UR,2020-02-08,0,0,0,0,0,0,0,0,0,0,0,0,0
CH,UR,2020-02-09,0,0,0,0,0,0,0,0,0,0,0,0,0
CH,UR,2020-02-10,0,0,0,0,0,0,0,0,0,0,0,0,0
CH,UR,2020-02-11,0,0,0,0,0,0,0,0,0,0,0,0,0
CH,UR,2020-02-12,0,0,0,0,0,0,0,0,0,0,0,0,0
CH,UR,2020-02-13,0,0,0,0,0,0,0,0,0,0,0,0,0
CH,UR,2020-02-14,0,0,0,0,0,0,0,0,0,0,0,0,0
CH,UR,2020-02-15,0,0,0,0,0,0,0,0,0,0,0,0,0
CH,UR,2020-02-16,0,0,0,0,0,0,0,0,0,0,0,0,0
CH,UR,2020-02-17,0,0,0,0,0,0,0,0,0,0,0,0,0
CH,UR,2020-02-18,0,0,0,0,0,0,0,0,0,0,0,0,0
CH,UR,2020-02-19,0,0,0,0,0,0,0,0,0,0,0,0,0
CH,UR,2020-02-20,0,0,0,0,0,0,0,0,0,0,0,0,0
CH,UR,2020-02-21,0,0,0,0,0,0,0,0,0,0,0,0,0
CH,UR,2020-02-22,0,0,0,0,0,0,0,0,0,0,0,0,0
CH,UR,2020-02-23,0,0,0,0,0,0,0,0,0,0,0,0,0
CH,UR,2020-02-24,0,0,0,0,0,0,0,0,0,0,0,0,0
CH,UR,2020-02-25,0,0,0,0,0,0,0,0,0,0,0,0,0
CH,UR,2020-02-26,0,0,0,0,0,0,0,0,0,0,0,1,0
CH,UR,2020-02-27,0,0,0,0,0,0,0,0,0,0,0,1,1
CH,UR,2020-02-28,1,0,0,0,0,0,0,0,0,0,0,1,1
CH,UR,2020-02-29,1,0,0,0,0,0,0,0,0,0,0,1,1
CH,UR,2020-03-01,1,0,0,0,0,0,0,0,0,0,0,1,1
CH,UR,2020-03-02,1,0,0,0,0,0,0,0,0,0,0,1,1
CH,UR,2020-03-03,1,0,0,0,0,0,0,0,0,0,0,1,1
CH,UR,2020-03-04,1,0,0,0,0,0,0,0,0,0,0,1,1
CH,UR,2020-03-05,1,0,0,0,0,0,0,0,0,0,0,1,1
CH,UR,2020-03-06,1,0,0,0,0,0,0,0,0,0,0,1,1
CH,UR,2020-03-07,1,0,0,0,0,0,0,0,0,0,0,1,1
CH,UR,2020-03-08,1,0,0,0,0,0,0,0,0,0,0,1,1
CH,UR,2020-03-09,1,0,0,0,0,0,0,0,0,0,0,1,1
CH,UR,2020-03-10,1,0,0,0,0,0,0,0,0,0,0,1,1
CH,UR,2020-03-11,1,0,0,0,0,0,0,0,0,0,0,1,1
CH,UR,2020-03-12,1,0,0,0,0,0,0,0,0,0,0,1,1
CH,UR,2020-03-13,3,2,1,0,1,0,0,0,0,0,0,1,1
CH,UR,2020-03-14,3,2,1,0,1,0,0,0,0,0,0,1,1
CH,UR,2020-03-15,3,2,1,0,1,0,0,0,0,0,0,1,1
CH,UR,2020-03-16,3,2,1,0,1,0,1,1,0,0,1,1,1
CH,UR,2020-03-17,6,2,2,1,1,0,1,1,0,0,1,1,1
CH,UR,2020-03-18,6,2,2,1,1,0,1,1,0,0,1,1,1
CH,UR,2020-03-19,6,2,2,1,1,0,1,1,0,1,1,1,1
CH,UR,2020-03-20,6,2,2,1,1,0,1,1,0,1,1,1,1
CH,UR,2020-03-21,6,2,2,1,1,0,1,1,0,1,1,1,1
CH,UR,2020-03-22,6,2,2,1,1,0,1,1,0,1,1,1,1
CH,UR,2020-03-23,6,2,2,1,1,0,1,1,0,1,1,1,1
CH,UR,2020-03-24,6,2,2,1,1,0,1,1,0,1,1,1,1
CH,UR,2020-03-25,6,2,2,1,1,0,1,1,0,1,1,1,1
CH,UR,2020-03-26,6,2,2,1,1,0,1,1,0,1,1,1,1
CH,UR,2020-03-27,6,2,2,1,1,0,1,1,0,1,1,1,1
CH,UR,2020-03-28,6,2,2,1,1,0,1,1,0,1,1,1,1
CH,UR,2020-03-29,6,2,2,1,1,0,1,1,0,1,1,1,1
CH,UR,2020-03-30,6,2,2,1,1,0,1,1,0,1,1,1,1
CH,UR,2020-03-31,6,2,2,1,1,0,1,1,0,1,1,1,1
CH,UR,2020-04-01,6,2,2,1,1,0,1,1,0,1,1,1,1
CH,UR,2020-04-02,6,2,2,1,1,0,1,1,0,1,1,1,1
CH,UR,2020-04-03,6,2,2,1,1,0,1,1,0,1,1,1,1
CH,UR,2020-04-04,6,2,2,1,1,0,1,1,0,1,1,1,1
CH,UR,2020-04-05,6,2,2,1,1,0,1,1,0,1,1,1,1
CH,UR,2020-04-06,6,2,2,1,1,0,1,1,0,1,1,1,1
CH,UR,2020-04-07,,,,,,,,,,,,,
CH,UR,2020-04-08,,,,,,,,,,,,,
CH,UR,2020-04-09,,,,,,,,,,,,,
CH,UR,2020-04-10,,,,,,,,,,,,,
CH,UR,2020-04-11,,,,,,,,,,,,,
CH,UR,2020-04-12,,,,,,,,,,,,,
CH,UR,2020-04-13,,,,,,,,,,,,,
CH,UR,2020-04-14,,,,,,,,,,,,,
CH,UR,2020-04-15,,,,,,,,,,,,,
CH,UR,2020-04-16,,,,,,,,,,,,,
CH,UR,2020-04-17,,,,,,,,,,,,,
CH,UR,2020-04-18,,,,,,,,,,,,,
CH,VD,2020-01-29,0,0,0,0,0,0,0,0,0,0,0,0,0
CH,VD,2020-01-30,0,0,0,0,0,0,0,0,0,0,0,0,0
CH,VD,2020-01-31,0,0,0,0,0,0,0,0,0,0,0,0,0
CH,VD,2020-02-01,0,0,0,0,0,0,0,0,0,0,0,0,0
CH,VD,2020-02-02,0,0,0,0,0,0,0,0,0,0,0,0,0
CH,VD,2020-02-03,0,0,0,0,0,0,0,0,0,0,0,0,0
CH,VD,2020-02-04,0,0,0,0,0,0,0,0,0,0,0,0,0
CH,VD,2020-02-05,0,0,0,0,0,0,0,0,0,0,0,0,0
CH,VD,2020-02-06,0,0,0,0,0,0,0,0,0,0,0,0,0
CH,VD,2020-02-07,0,0,0,0,0,0,0,0,0,0,0,0,0
CH,VD,2020-02-08,0,0,0,0,0,0,0,0,0,0,0,0,0
CH,VD,2020-02-09,0,0,0,0,0,0,0,0,0,0,0,0,0
CH,VD,2020-02-10,0,0,0,0,0,0,0,0,0,0,0,0,0
CH,VD,2020-02-11,0,0,0,0,0,0,0,0,0,0,0,0,0
CH,VD,2020-02-12,0,0,0,0,0,0,0,0,0,0,0,0,0
CH,VD,2020-02-13,0,0,0,0,0,0,0,0,0,0,0,0,0
CH,VD,2020-02-14,0,0,0,0,0,0,0,0,0,0,0,0,0
CH,VD,2020-02-15,0,0,0,0,0,0,0,0,0,0,0,0,0
CH,VD,2020-02-16,0,0,0,0,0,0,0,0,0,0,0,0,0
CH,VD,2020-02-17,0,0,0,0,0,0,0,0,0,0,0,0,0
CH,VD,2020-02-18,0,0,0,0,0,0,0,0,0,0,0,0,0
CH,VD,2020-02-19,0,0,0,0,0,0,0,0,0,0,0,0,0
CH,VD,2020-02-20,0,0,0,0,0,0,0,0,0,0,0,0,0
CH,VD,2020-02-21,0,0,0,0,0,0,0,0,0,0,0,0,0
CH,VD,2020-02-22,0,0,0,0,0,0,0,0,0,0,0,0,0
CH,VD,2020-02-23,0,0,0,0,0,0,0,0,0,0,0,0,0
CH,VD,2020-02-24,0,0,0,0,0,0,0,0,0,0,0,0,0
CH,VD,2020-02-25,0,0,0,0,0,0,0,0,0,0,0,0,0
CH,VD,2020-02-26,0,0,0,0,0,0,0,0,0,0,0,0,0
CH,VD,2020-02-27,0,0,0,0,0,0,0,0,0,0,0,1,1
CH,VD,2020-02-28,1,0,0,0,0,0,0,0,0,0,0,1,1
CH,VD,2020-02-29,1,0,0,0,0,0,0,0,0,0,0,1,1
CH,VD,2020-03-01,1,0,0,0,0,0,0,0,0,0,0,1,1
CH,VD,2020-03-02,1,0,0,0,0,0,0,0,0,0,0,1,1
CH,VD,2020-03-03,1,0,0,0,0,0,0,0,0,0,0,1,1
CH,VD,2020-03-04,1,0,0,0,0,0,0,0,0,0,0,1,1
CH,VD,2020-03-05,1,0,0,0,0,0,0,0,0,0,0,1,1
CH,VD,2020-03-06,1,0,0,0,0,0,0,0,0,0,0,1,1
CH,VD,2020-03-07,1,0,0,0,0,0,0,0,0,0,0,1,1
CH,VD,2020-03-08,1,0,0,0,0,0,0,0,0,0,0,1,1
CH,VD,2020-03-09,1,0,0,0,0,0,0,0,0,0,0,1,1
CH,VD,2020-03-10,1,0,0,0,0,0,0,0,0,0,0,1,1
CH,VD,2020-03-11,1,0,0,0,0,0,0,0,0,0,0,1,1
CH,VD,2020-03-12,1,0,0,0,0,0,0,0,0,0,0,1,1
CH,VD,2020-03-13,4,0,2,0,1,0,0,0,0,0,0,1,1
CH,VD,2020-03-14,4,0,2,0,1,0,0,0,0,0,0,1,1
CH,VD,2020-03-15,4,0,2,0,1,0,0,0,0,0,0,1,1
CH,VD,2020-03-16,5,2,2,0,1,0,1,1,0,0,1,1,1
CH,VD,2020-03-17,5,2,2,1,1,0,1,1,0,0,1,1,1
CH,VD,2020-03-18,5,2,2,1,1,0,1,1,0,0,1,1,1
CH,VD,2020-03-19,5,2,2,1,1,0,1,1,0,1,1,1,1
CH,VD,2020-03-20,6,2,2,1,1,0,1,1,0,1,1,1,1
CH,VD,2020-03-21,6,2,2,1,1,0,1,1,0,1,1,1,1
CH,VD,2020-03-22,6,2,2,1,1,0,1,1,0,1,1,1,1
CH,VD,2020-03-23,6,2,2,1,1,0,1,1,0,1,1,1,1
CH,VD,2020-03-24,6,2,2,1,1,0,1,1,0,1,1,1,1
CH,VD,2020-03-25,6,2,2,1,1,0,1,1,0,1,1,1,1
CH,VD,2020-03-26,6,2,2,1,1,0,1,1,0,1,1,1,1
CH,VD,2020-03-27,6,2,2,1,1,0,1,1,0,1,1,1,1
CH,VD,2020-03-28,6,2,2,1,1,0,1,1,0,1,1,1,1
CH,VD,2020-03-29,6,2,2,1,1,0,1,1,0,1,1,1,1
CH,VD,2020-03-30,6,2,2,1,1,0,1,1,0,1,1,1,1
CH,VD,2020-03-31,6,2,2,1,1,0,1,1,0,1,1,1,1
CH,VD,2020-04-01,6,2,2,1,1,0,1,1,0,1,1,1,1
CH,VD,2020-04-02,6,2,2,1,1,0,1,1,0,1,1,1,1
CH,VD,2020-04-03,6,2,2,1,1,0,1,1,0,1,1,1,1
CH,VD,2020-04-04,6,2,2,1,1,0,1,1,0,1,1,1,1
CH,VD,2020-04-05,6,2,2,1,1,0,1,1,0,1,1,1,1
CH,VD,2020-04-06,6,2,2,1,1,0,1,1,0,1,1,1,1
CH,VD,2020-04-07,,,,,,,,,,,,,
CH,VD,2020-04-08,,,,,,,,,,,,,
CH,VD,2020-04-09,,,,,,,,,,,,,
CH,VD,2020-04-10,,,,,,,,,,,,,
CH,VD,2020-04-11,,,,,,,,,,,,,
CH,VD,2020-04-12,,,,,,,,,,,,,
CH,VD,2020-04-13,,,,,,,,,,,,,
CH,VD,2020-04-14,,,,,,,,,,,,,
CH,VD,2020-04-15,,,,,,,,,,,,,
CH,VD,2020-04-16,,,,,,,,,,,,,
CH,VD,2020-04-17,,,,,,,,,,,,,
CH,VD,2020-04-18,,,,,,,,,,,,,
CH,VS,2020-01-29,0,0,0,0,0,0,0,0,0,0,0,0,0
CH,VS,2020-01-30,0,0,0,0,0,0,0,0,0,0,0,0,0
CH,VS,2020-01-31,0,0,0,0,0,0,0,0,0,0,0,0,0
CH,VS,2020-02-01,0,0,0,0,0,0,0,0,0,0,0,0,0
CH,VS,2020-02-02,0,0,0,0,0,0,0,0,0,0,0,0,0
CH,VS,2020-02-03,0,0,0,0,0,0,0,0,0,0,0,0,0
CH,VS,2020-02-04,0,0,0,0,0,0,0,0,0,0,0,0,0
CH,VS,2020-02-05,0,0,0,0,0,0,0,0,0,0,0,0,0
CH,VS,2020-02-06,0,0,0,0,0,0,0,0,0,0,0,0,0
CH,VS,2020-02-07,0,0,0,0,0,0,0,0,0,0,0,0,0
CH,VS,2020-02-08,0,0,0,0,0,0,0,0,0,0,0,0,0
CH,VS,2020-02-09,0,0,0,0,0,0,0,0,0,0,0,0,0
CH,VS,2020-02-10,0,0,0,0,0,0,0,0,0,0,0,0,0
CH,VS,2020-02-11,0,0,0,0,0,0,0,0,0,0,0,0,0
CH,VS,2020-02-12,0,0,0,0,0,0,0,0,0,0,0,0,0
CH,VS,2020-02-13,0,0,0,0,0,0,0,0,0,0,0,0,0
CH,VS,2020-02-14,0,0,0,0,0,0,0,0,0,0,0,0,0
CH,VS,2020-02-15,0,0,0,0,0,0,0,0,0,0,0,0,0
CH,VS,2020-02-16,0,0,0,0,0,0,0,0,0,0,0,0,0
CH,VS,2020-02-17,0,0,0,0,0,0,0,0,0,0,0,0,0
CH,VS,2020-02-18,0,0,0,0,0,0,0,0,0,0,0,0,0
CH,VS,2020-02-19,0,0,0,0,0,0,0,0,0,0,0,0,0
CH,VS,2020-02-20,0,0,0,0,0,0,0,0,0,0,0,0,0
CH,VS,2020-02-21,0,0,0,0,0,0,0,0,0,0,0,0,0
CH,VS,2020-02-22,0,0,0,0,0,0,0,0,0,0,0,0,0
CH,VS,2020-02-23,0,0,0,0,0,0,0,0,0,0,0,0,0
CH,VS,2020-02-24,0,0,0,0,0,0,0,0,0,0,0,1,1
CH,VS,2020-02-25,0,0,0,0,0,0,0,0,0,0,0,1,1
CH,VS,2020-02-26,0,0,0,0,0,0,0,0,0,0,0,1,1
CH,VS,2020-02-27,0,0,0,0,0,0,0,0,0,0,0,1,1
CH,VS,2020-02-28,1,0,0,0,0,0,0,0,0,0,0,1,1
CH,VS,2020-02-29,1,0,0,0,0,0,0,0,0,0,0,1,1
CH,VS,2020-03-01,1,0,0,0,0,0,0,0,0,0,0,1,1
CH,VS,2020-03-02,1,0,0,0,0,0,0,0,0,0,0,1,1
CH,VS,2020-03-03,1,0,0,0,0,0,0,0,0,0,0,1,1
CH,VS,2020-03-04,1,0,0,0,0,0,0,0,0,0,0,1,1
CH,VS,2020-03-05,1,0,0,0,0,0,0,0,0,0,0,1,1
CH,VS,2020-03-06,1,0,0,0,0,0,0,0,0,0,0,1,1
CH,VS,2020-03-07,1,0,0,0,0,0,0,0,0,0,0,1,1
CH,VS,2020-03-08,1,0,0,0,0,0,0,0,0,0,0,1,1
CH,VS,2020-03-09,1,0,0,0,0,0,0,0,0,0,0,1,1
CH,VS,2020-03-10,1,2,0,0,0,0,0,0,0,0,0,1,1
CH,VS,2020-03-11,1,2,0,0,0,0,0,0,0,0,0,1,1
CH,VS,2020-03-12,1,2,0,0,0,0,0,0,0,0,0,1,1
CH,VS,2020-03-13,4,2,2,0,1,0,0,0,0,0,0,1,1
CH,VS,2020-03-14,4,2,2,0,1,0,0,0,0,0,0,1,1
CH,VS,2020-03-15,4,2,2,0,1,0,0,0,0,0,0,1,1
CH,VS,2020-03-16,6,2,2,0,1,1,1,1,1,0,1,1,1
CH,VS,2020-03-17,6,2,2,1,1,1,1,1,1,0,1,1,1
CH,VS,2020-03-18,6,2,2,1,1,1,1,1,1,0,1,1,1
CH,VS,2020-03-19,6,2,2,1,1,1,1,1,1,1,1,1,1
CH,VS,2020-03-20,6,2,2,1,1,1,1,1,1,1,1,1,1
CH,VS,2020-03-21,6,2,2,1,1,1,1,1,1,1,1,1,1
CH,VS,2020-03-22,6,2,2,1,1,1,1,1,1,1,1,1,1
CH,VS,2020-03-23,6,2,2,1,1,1,1,1,1,1,1,1,1
CH,VS,2020-03-24,6,2,2,1,1,1,1,1,1,1,1,1,1
CH,VS,2020-03-25,6,2,2,1,1,1,1,1,1,1,1,1,1
CH,VS,2020-03-26,6,2,2,1,1,1,1,1,1,1,1,1,1
CH,VS,2020-03-27,6,2,2,1,1,1,1,1,1,1,1,1,1
CH,VS,2020-03-28,6,2,2,1,1,1,1,1,1,1,1,1,1
CH,VS,2020-03-29,6,2,2,1,1,1,1,1,1,1,1,1,1
CH,VS,2020-03-30,6,2,2,1,1,1,1,1,1,1,1,1,1
CH,VS,2020-03-31,6,2,2,1,1,1,1,1,1,1,1,1,1
CH,VS,2020-04-01,6,2,2,1,1,1,1,1,1,1,1,1,1
CH,VS,2020-04-02,6,2,2,1,1,1,1,1,1,1,1,1,1
CH,VS,2020-04-03,6,2,2,1,1,1,1,1,1,1,1,1,1
CH,VS,2020-04-04,6,2,2,1,1,1,1,1,1,1,1,1,1
CH,VS,2020-04-05,6,2,2,1,1,1,1,1,1,1,1,1,1
CH,VS,2020-04-06,6,2,2,1,1,1,1,1,1,1,1,1,1
CH,VS,2020-04-07,,,,,,,,,,,,,
CH,VS,2020-04-08,,,,,,,,,,,,,
CH,VS,2020-04-09,,,,,,,,,,,,,
CH,VS,2020-04-10,,,,,,,,,,,,,
CH,VS,2020-04-11,,,,,,,,,,,,,
CH,VS,2020-04-12,,,,,,,,,,,,,
CH,VS,2020-04-13,,,,,,,,,,,,,
CH,VS,2020-04-14,,,,,,,,,,,,,
CH,VS,2020-04-15,,,,,,,,,,,,,
CH,VS,2020-04-16,,,,,,,,,,,,,
CH,VS,2020-04-17,,,,,,,,,,,,,
CH,VS,2020-04-18,,,,,,,,,,,,,
CH,ZG,2020-01-29,0,0,0,0,0,0,0,0,0,0,0,0,0
CH,ZG,2020-01-30,0,0,0,0,0,0,0,0,0,0,0,0,0
CH,ZG,2020-01-31,0,0,0,0,0,0,0,0,0,0,0,0,0
CH,ZG,2020-02-01,0,0,0,0,0,0,0,0,0,0,0,0,0
CH,ZG,2020-02-02,0,0,0,0,0,0,0,0,0,0,0,0,0
CH,ZG,2020-02-03,0,0,0,0,0,0,0,0,0,0,0,0,0
CH,ZG,2020-02-04,0,0,0,0,0,0,0,0,0,0,0,0,0
CH,ZG,2020-02-05,0,0,0,0,0,0,0,0,0,0,0,0,0
CH,ZG,2020-02-06,0,0,0,0,0,0,0,0,0,0,0,0,0
CH,ZG,2020-02-07,0,0,0,0,0,0,0,0,0,0,0,0,0
CH,ZG,2020-02-08,0,0,0,0,0,0,0,0,0,0,0,0,0
CH,ZG,2020-02-09,0,0,0,0,0,0,0,0,0,0,0,0,0
CH,ZG,2020-02-10,0,0,0,0,0,0,0,0,0,0,0,0,0
CH,ZG,2020-02-11,0,0,0,0,0,0,0,0,0,0,0,0,0
CH,ZG,2020-02-12,0,0,0,0,0,0,0,0,0,0,0,0,0
CH,ZG,2020-02-13,0,0,0,0,0,0,0,0,0,0,0,0,0
CH,ZG,2020-02-14,0,0,0,0,0,0,0,0,0,0,0,0,0
CH,ZG,2020-02-15,0,0,0,0,0,0,0,0,0,0,0,0,0
CH,ZG,2020-02-16,0,0,0,0,0,0,0,0,0,0,0,0,0
CH,ZG,2020-02-17,0,0,0,0,0,0,0,0,0,0,0,0,0
CH,ZG,2020-02-18,0,0,0,0,0,0,0,0,0,0,0,0,0
CH,ZG,2020-02-19,0,0,0,0,0,0,0,0,0,0,0,0,0
CH,ZG,2020-02-20,0,0,0,0,0,0,0,0,0,0,0,0,0
CH,ZG,2020-02-21,0,0,0,0,0,0,0,0,0,0,0,0,0
CH,ZG,2020-02-22,0,0,0,0,0,0,0,0,0,0,0,0,0
CH,ZG,2020-02-23,0,0,0,0,0,0,0,0,0,0,0,0,0
CH,ZG,2020-02-24,0,0,0,0,0,0,0,0,0,0,0,0,0
CH,ZG,2020-02-25,0,0,0,0,0,0,0,0,0,0,0,0,0
CH,ZG,2020-02-26,0,0,0,0,0,0,0,0,0,0,0,0,0
CH,ZG,2020-02-27,0,0,0,0,0,0,0,0,0,0,0,0,1
CH,ZG,2020-02-28,1,0,0,0,0,0,0,0,0,0,0,0,1
CH,ZG,2020-02-29,1,0,0,0,0,0,0,0,0,0,0,0,1
CH,ZG,2020-03-01,1,0,0,0,0,0,0,0,0,0,0,0,1
CH,ZG,2020-03-02,1,0,0,0,0,0,0,0,0,0,0,0,1
CH,ZG,2020-03-03,1,0,0,0,0,0,0,0,0,0,0,1,1
CH,ZG,2020-03-04,1,0,0,0,0,0,0,0,0,0,0,1,1
CH,ZG,2020-03-05,1,0,0,0,0,0,0,0,0,0,0,1,1
CH,ZG,2020-03-06,1,0,0,0,0,0,0,0,0,0,0,1,1
CH,ZG,2020-03-07,1,0,0,0,0,0,0,0,0,0,0,1,1
CH,ZG,2020-03-08,1,0,0,0,0,0,0,0,0,0,0,1,1
CH,ZG,2020-03-09,1,0,0,0,0,0,0,0,0,0,0,1,1
CH,ZG,2020-03-10,1,0,0,0,0,0,0,0,0,0,0,1,1
CH,ZG,2020-03-11,1,0,0,0,0,0,0,0,0,0,0,1,1
CH,ZG,2020-03-12,1,0,0,0,0,0,0,0,0,0,0,1,1
CH,ZG,2020-03-13,3,0,1,0,1,0,0,0,0,0,0,1,1
CH,ZG,2020-03-14,3,0,1,0,1,0,0,0,0,0,0,1,1
CH,ZG,2020-03-15,3,0,1,0,1,0,0,0,0,0,0,1,1
CH,ZG,2020-03-16,3,2,1,0,1,0,1,1,0,0,1,1,1
CH,ZG,2020-03-17,3,2,2,1,1,0,1,1,1,0,1,1,1
CH,ZG,2020-03-18,3,2,2,1,1,0,1,1,1,0,1,1,1
CH,ZG,2020-03-19,3,2,2,1,1,0,1,1,1,1,1,1,1
CH,ZG,2020-03-20,6,2,2,1,1,0,1,1,1,1,1,1,1
CH,ZG,2020-03-21,6,2,2,1,1,0,1,1,1,1,1,1,1
CH,ZG,2020-03-22,6,2,2,1,1,0,1,1,1,1,1,1,1
CH,ZG,2020-03-23,6,2,2,1,1,0,1,1,1,1,1,1,1
CH,ZG,2020-03-24,6,2,2,1,1,0,1,1,1,1,1,1,1
CH,ZG,2020-03-25,6,2,2,1,1,0,1,1,1,1,1,1,1
CH,ZG,2020-03-26,6,2,2,1,1,0,1,1,1,1,1,1,1
CH,ZG,2020-03-27,6,2,2,1,1,0,1,1,1,1,1,1,1
CH,ZG,2020-03-28,6,2,2,1,1,0,1,1,1,1,1,1,1
CH,ZG,2020-03-29,6,2,2,1,1,0,1,1,1,1,1,1,1
CH,ZG,2020-03-30,6,2,2,1,1,0,1,1,1,1,1,1,1
CH,ZG,2020-03-31,6,2,2,1,1,0,1,1,1,1,1,1,1
CH,ZG,2020-04-01,6,2,2,1,1,0,1,1,1,1,1,1,1
CH,ZG,2020-04-02,6,2,2,1,1,0,1,1,1,1,1,1,1
CH,ZG,2020-04-03,6,2,2,1,1,0,1,1,1,1,1,1,1
CH,ZG,2020-04-04,6,2,2,1,1,0,1,1,1,1,1,1,1
CH,ZG,2020-04-05,6,2,2,1,1,0,1,1,1,1,1,1,1
CH,ZG,2020-04-06,6,2,2,1,1,0,1,1,1,1,1,1,1
CH,ZG,2020-04-07,,,,,,,,,,,,,
CH,ZG,2020-04-08,,,,,,,,,,,,,
CH,ZG,2020-04-09,,,,,,,,,,,,,
CH,ZG,2020-04-10,,,,,,,,,,,,,
CH,ZG,2020-04-11,,,,,,,,,,,,,
CH,ZG,2020-04-12,,,,,,,,,,,,,
CH,ZG,2020-04-13,,,,,,,,,,,,,
CH,ZG,2020-04-14,,,,,,,,,,,,,
CH,ZG,2020-04-15,,,,,,,,,,,,,
CH,ZG,2020-04-16,,,,,,,,,,,,,
CH,ZG,2020-04-17,,,,,,,,,,,,,
CH,ZG,2020-04-18,,,,,,,,,,,,,
CH,ZH,2020-01-29,0,0,0,0,0,0,0,0,0,0,0,0,0
CH,ZH,2020-01-30,0,0,0,0,0,0,0,0,0,0,0,0,0
CH,ZH,2020-01-31,0,0,0,0,0,0,0,0,0,0,0,0,0
CH,ZH,2020-02-01,0,0,0,0,0,0,0,0,0,0,0,0,0
CH,ZH,2020-02-02,0,0,0,0,0,0,0,0,0,0,0,0,0
CH,ZH,2020-02-03,0,0,0,0,0,0,0,0,0,0,0,0,0
CH,ZH,2020-02-04,0,0,0,0,0,0,0,0,0,0,0,0,0
CH,ZH,2020-02-05,0,0,0,0,0,0,0,0,0,0,0,0,0
CH,ZH,2020-02-06,0,0,0,0,0,0,0,0,0,0,0,0,0
CH,ZH,2020-02-07,0,0,0,0,0,0,0,0,0,0,0,0,0
CH,ZH,2020-02-08,0,0,0,0,0,0,0,0,0,0,0,0,0
CH,ZH,2020-02-09,0,0,0,0,0,0,0,0,0,0,0,0,0
CH,ZH,2020-02-10,0,0,0,0,0,0,0,0,0,0,0,0,0
CH,ZH,2020-02-11,0,0,0,0,0,0,0,0,0,0,0,0,0
CH,ZH,2020-02-12,0,0,0,0,0,0,0,0,0,0,0,0,0
CH,ZH,2020-02-13,0,0,0,0,0,0,0,0,0,0,0,0,0
CH,ZH,2020-02-14,0,0,0,0,0,0,0,0,0,0,0,0,0
CH,ZH,2020-02-15,0,0,0,0,0,0,0,0,0,0,0,0,0
CH,ZH,2020-02-16,0,0,0,0,0,0,0,0,0,0,0,0,0
CH,ZH,2020-02-17,0,0,0,0,0,0,0,0,0,0,0,0,0
CH,ZH,2020-02-18,0,0,0,0,0,0,0,0,0,0,0,0,0
CH,ZH,2020-02-19,0,0,0,0,0,0,0,0,0,0,0,0,0
CH,ZH,2020-02-20,0,0,0,0,0,0,0,0,0,0,0,0,0
CH,ZH,2020-02-21,0,0,0,0,0,0,0,0,0,0,0,0,0
CH,ZH,2020-02-22,0,0,0,0,0,0,0,0,0,0,0,0,0
CH,ZH,2020-02-23,0,0,0,0,0,0,0,0,0,0,0,0,0
CH,ZH,2020-02-24,0,0,0,0,0,0,0,0,0,0,0,0,0
CH,ZH,2020-02-25,0,0,0,0,0,0,0,0,0,0,0,0,0
CH,ZH,2020-02-26,0,0,0,0,0,0,0,0,0,0,0,0,0
CH,ZH,2020-02-27,0,0,0,0,0,0,0,0,0,0,0,1,1
CH,ZH,2020-02-28,1,0,0,0,0,0,0,0,0,0,0,1,1
CH,ZH,2020-02-29,1,0,0,0,0,0,0,0,0,0,0,1,1
CH,ZH,2020-03-01,1,0,0,0,0,0,0,0,0,0,0,1,1
CH,ZH,2020-03-02,1,1,0,0,0,0,0,0,0,0,0,1,1
CH,ZH,2020-03-03,1,1,0,0,0,0,0,0,0,0,0,1,1
CH,ZH,2020-03-04,1,1,0,0,0,0,0,0,0,0,0,1,1
CH,ZH,2020-03-05,1,1,0,0,0,0,0,0,0,0,0,1,1
CH,ZH,2020-03-06,1,1,0,0,0,0,0,0,0,0,0,1,1
CH,ZH,2020-03-07,1,1,0,0,0,0,0,0,0,0,0,1,1
CH,ZH,2020-03-08,1,1,0,0,0,0,0,0,0,0,0,1,1
CH,ZH,2020-03-09,1,1,0,0,0,0,0,0,0,0,0,1,1
CH,ZH,2020-03-10,1,1,0,0,0,0,0,0,0,0,0,1,1
CH,ZH,2020-03-11,1,1,0,0,0,0,0,0,0,0,0,1,1
CH,ZH,2020-03-12,1,1,0,0,0,0,0,0,0,0,0,1,1
CH,ZH,2020-03-13,3,1,1,0,1,0,0,0,0,0,0,1,1
CH,ZH,2020-03-14,3,1,1,0,1,0,0,0,0,0,0,1,1
CH,ZH,2020-03-15,3,1,1,0,1,0,0,0,0,0,0,1,1
CH,ZH,2020-03-16,3,1,1,0,1,0,1,1,0,0,1,1,1
CH,ZH,2020-03-17,3,2,2,1,1,0,1,1,0,0,1,1,1
CH,ZH,2020-03-18,3,2,2,1,1,0,1,1,0,0,1,1,1
CH,ZH,2020-03-19,3,2,2,1,1,0,1,1,0,1,1,1,1
CH,ZH,2020-03-20,6,2,2,1,1,0,1,1,0,1,1,1,1
CH,ZH,2020-03-21,6,2,2,1,1,0,1,1,0,1,1,1,1
CH,ZH,2020-03-22,6,2,2,1,1,0,1,1,0,1,1,1,1
CH,ZH,2020-03-23,6,2,2,1,1,0,1,1,0,1,1,1,1
CH,ZH,2020-03-24,6,2,2,1,1,0,1,1,0,1,1,1,1
CH,ZH,2020-03-25,6,2,2,1,1,0,1,1,0,1,1,1,1
CH,ZH,2020-03-26,6,2,2,1,1,0,1,1,0,1,1,1,1
CH,ZH,2020-03-27,6,2,2,1,1,0,1,1,0,1,1,1,1
CH,ZH,2020-03-28,6,2,2,1,1,0,1,1,0,1,1,1,1
CH,ZH,2020-03-29,6,2,2,1,1,0,1,1,0,1,1,1,1
CH,ZH,2020-03-30,6,2,2,1,1,0,1,1,0,1,1,1,1
CH,ZH,2020-03-31,6,2,2,1,1,0,1,1,0,1,1,1,1
CH,ZH,2020-04-01,6,2,2,1,1,0,1,1,0,1,1,1,1
CH,ZH,2020-04-02,6,2,2,1,1,0,1,1,0,1,1,1,1
CH,ZH,2020-04-03,6,2,2,1,1,0,1,1,0,1,1,1,1
CH,ZH,2020-04-04,6,2,2,1,1,0,1,1,0,1,1,1,1
CH,ZH,2020-04-05,6,2,2,1,1,0,1,1,0,1,1,1,1
CH,ZH,2020-04-06,6,2,2,1,1,0,1,1,0,1,1,1,1
CH,ZH,2020-04-07,,,,,,,,,,,,,
CH,ZH,2020-04-08,,,,,,,,,,,,,
CH,ZH,2020-04-09,,,,,,,,,,,,,
CH,ZH,2020-04-10,,,,,,,,,,,,,
CH,ZH,2020-04-11,,,,,,,,,,,,,
CH,ZH,2020-04-12,,,,,,,,,,,,,
CH,ZH,2020-04-13,,,,,,,,,,,,,
CH,ZH,2020-04-14,,,,,,,,,,,,,
CH,ZH,2020-04-15,,,,,,,,,,,,,
CH,ZH,2020-04-16,,,,,,,,,,,,,
CH,ZH,2020-04-17,,,,,,,,,,,,,
CH,ZH,2020-04-18,,,,,,,,,,,,,